"","language","eta","psi","omega","t"
"1","Arabic",0.991546607369423,0.740921089275511,0.651365546218487,8
"2","Arabic",0.987200394066591,0.789534497556051,0.74648325903252,16
"3","Arabic",0.977276867152643,0.80473365860019,0.783406515392695,32
"4","Arabic",0.969175878791727,0.844121446757469,0.823829891781546,64
"5","Arabic",0.959496134664692,0.85478443224783,0.80150262102535,128
"6","Arabic",0.946419640644217,0.849335404256077,0.740009612251896,256
"7","Arabic",0.928556161675766,0.833166582042175,0.651676421276125,512
"8","Arabic",0.906853210269057,0.813133395462232,0.51796203316686,1024
"9","Arabic",0.884573509616484,0.793731758216548,0.395724945512053,2048
"10","Arabic",0.858651164850927,0.771220846521817,0.296067126790698,4096
"11","Arabic",0.827395025198181,0.745386701386259,0.217381984954705,8192
"12","Arabic",NA,NA,NA,16384
"13","Arabic",NA,NA,NA,32768
"14","Arabic",NA,NA,NA,65536
"15","Arabic",NA,NA,NA,131072
"16","Arabic",NA,NA,NA,262144
"17","Arabic",NA,NA,NA,524288
"18","Arabic",NA,NA,NA,1048576
"19","Arabic",NA,NA,NA,2097152
"20","Arabic",NA,NA,NA,4194304
"21","Arabic",NA,NA,NA,8388608
"22","Czech",0.999375,0.833333333333333,0.8,8
"23","Czech",0.998152544298571,0.866950682884492,0.863205759757484,16
"24","Czech",0.994789499753918,0.84031063676533,0.844199917120657,32
"25","Czech",0.990983158868739,0.85323996012442,0.852820487156704,64
"26","Czech",0.985360082517165,0.857529281643781,0.847162835412261,128
"27","Czech",0.976445251767469,0.839584784368999,0.784088479677455,256
"28","Czech",0.966548396245904,0.830906164067938,0.733573287574488,512
"29","Czech",0.954669934748052,0.816862036892459,0.658233010392464,1024
"30","Czech",0.939228867199578,0.796724968970228,0.576954172231439,2048
"31","Czech",0.917362772310099,0.767866461641837,0.481645179250028,4096
"32","Czech",0.893608003300966,0.743064731601807,0.4098832487913,8192
"33","Czech",NA,NA,NA,16384
"34","Czech",NA,NA,NA,32768
"35","Czech",NA,NA,NA,65536
"36","Czech",NA,NA,NA,131072
"37","Czech",NA,NA,NA,262144
"38","Czech",NA,NA,NA,524288
"39","Czech",NA,NA,NA,1048576
"40","Czech",NA,NA,NA,2097152
"41","Czech",NA,NA,NA,4194304
"42","Czech",NA,NA,NA,8388608
"43","German",0.995556368236034,0.688994244871438,0.473148148148148,8
"44","German",0.993781890556748,0.785667760760347,0.683267927041512,16
"45","German",0.988260411372201,0.804084759819288,0.731274582694015,32
"46","German",0.981312919335233,0.808119492406072,0.755261912229651,64
"47","German",0.973870459277268,0.826579913566157,0.79179141276651,128
"48","German",0.96302202457058,0.826559452868592,0.775320023723624,256
"49","German",0.949387995280303,0.823311946966961,0.736711563054175,512
"50","German",0.93248153315904,0.811652323878952,0.674527742707448,1024
"51","German",0.906276026628329,0.784816737269909,0.572883562938699,2048
"52","German",0.872863434387308,0.754926565477764,0.487163685548355,4096
"53","German",0.83325750973251,0.723845298387239,0.391332629670286,8192
"54","German",0.794070335689786,0.701498935376198,0.342954696704567,16384
"55","German",NA,NA,NA,32768
"56","German",NA,NA,NA,65536
"57","German",NA,NA,NA,131072
"58","German",NA,NA,NA,262144
"59","German",NA,NA,NA,524288
"60","German",NA,NA,NA,1048576
"61","German",NA,NA,NA,2097152
"62","German",NA,NA,NA,4194304
"63","German",NA,NA,NA,8388608
"64","English",0.992859384428143,0.765225409781882,0.678611111111111,8
"65","English",0.98720095189435,0.745870410255773,0.698704335394566,16
"66","English",0.977418462332005,0.734911303997222,0.728945694965355,32
"67","English",0.964386012640776,0.723896879535596,0.753269955991489,64
"68","English",0.953407932765211,0.743156403937888,0.75049341569603,128
"69","English",0.942462319759531,0.758045080671191,0.722894069879477,256
"70","English",0.926865723714675,0.757894242510248,0.658345723801596,512
"71","English",0.910686113441889,0.75512726243179,0.593219747055592,1024
"72","English",0.887458194222132,0.739887861862992,0.482654048296984,2048
"73","English",0.858977908495741,0.7191602155283,0.391933908244562,4096
"74","English",0.824685712220996,0.694455268222892,0.312442728956126,8192
"75","English",0.782677585173754,0.666150055679419,0.268496198374626,16384
"76","English",NA,NA,NA,32768
"77","English",NA,NA,NA,65536
"78","English",NA,NA,NA,131072
"79","English",NA,NA,NA,262144
"80","English",NA,NA,NA,524288
"81","English",NA,NA,NA,1048576
"82","English",NA,NA,NA,2097152
"83","English",NA,NA,NA,4194304
"84","English",NA,NA,NA,8388608
"85","Finnish",0.998793956043956,0.771963139610198,0.755555555555556,8
"86","Finnish",0.999111643746812,0.884755388781171,0.897220426632191,16
"87","Finnish",0.99638319486665,0.816835441434703,0.839523832040279,32
"88","Finnish",0.993240802562006,0.812225441452541,0.814851765064164,64
"89","Finnish",0.989017250641227,0.817776690896732,0.777242988852851,128
"90","Finnish",0.981836637735649,0.804975744001863,0.729544732677849,256
"91","Finnish",0.973073887217162,0.792031211887151,0.691347321091478,512
"92","Finnish",0.959652651281168,0.764510546938629,0.617921762907131,1024
"93","Finnish",0.942347451337305,0.73331347749414,0.552836386482945,2048
"94","Finnish",0.918113709782955,0.695961184605391,0.472108597970472,4096
"95","Finnish",0.891890285787867,0.668888789487649,0.42196478772684,8192
"96","Finnish",NA,NA,NA,16384
"97","Finnish",NA,NA,NA,32768
"98","Finnish",NA,NA,NA,65536
"99","Finnish",NA,NA,NA,131072
"100","Finnish",NA,NA,NA,262144
"101","Finnish",NA,NA,NA,524288
"102","Finnish",NA,NA,NA,1048576
"103","Finnish",NA,NA,NA,2097152
"104","Finnish",NA,NA,NA,4194304
"105","Finnish",NA,NA,NA,8388608
"106","French",0.992405723651094,0.763213753796307,0.639814814814815,8
"107","French",0.986764164199597,0.771002336483759,0.700024440401252,16
"108","French",0.978905916193608,0.81205538960547,0.77450989782407,32
"109","French",0.96966058204271,0.830020188804619,0.794799321091155,64
"110","French",0.957942938523876,0.836500239447285,0.802017397276926,128
"111","French",0.947405557216446,0.842098382708042,0.778052760693663,256
"112","French",0.933419399504287,0.839762373638438,0.719608671402252,512
"113","French",0.91554881154815,0.82838557412694,0.616181830067227,1024
"114","French",0.889704164100045,0.8056927704887,0.478759228294653,2048
"115","French",0.860339706122921,0.781440956368034,0.370723286389631,4096
"116","French",0.822667013415283,0.751287886915809,0.280751802077471,8192
"117","French",0.780532083094183,0.721790523612544,0.232615939776169,16384
"118","French",NA,NA,NA,32768
"119","French",NA,NA,NA,65536
"120","French",NA,NA,NA,131072
"121","French",NA,NA,NA,262144
"122","French",NA,NA,NA,524288
"123","French",NA,NA,NA,1048576
"124","French",NA,NA,NA,2097152
"125","French",NA,NA,NA,4194304
"126","French",NA,NA,NA,8388608
"127","Hindi",0.998189941087149,0.893842988287433,0.876543209876543,8
"128","Hindi",0.995756127761914,0.821860818986398,0.787885049169617,16
"129","Hindi",0.991319896891266,0.825764887722572,0.792945250628596,32
"130","Hindi",0.984185361888066,0.832543224008485,0.780126049845959,64
"131","Hindi",0.972598238247157,0.818641555763315,0.740630499288363,128
"132","Hindi",0.956887584823845,0.795053142964949,0.658328591697653,256
"133","Hindi",0.938079323688788,0.778184104666413,0.589995099274615,512
"134","Hindi",0.912491946884604,0.750969366142449,0.490155298516865,1024
"135","Hindi",0.882863161630875,0.725079984680579,0.415737004581248,2048
"136","Hindi",0.844343375227,0.693657351082234,0.340409894149108,4096
"137","Hindi",0.804723537794589,0.66763054541537,0.277960780908777,8192
"138","Hindi",0.767079305621841,0.647965961035176,0.247657423820429,16384
"139","Hindi",NA,NA,NA,32768
"140","Hindi",NA,NA,NA,65536
"141","Hindi",NA,NA,NA,131072
"142","Hindi",NA,NA,NA,262144
"143","Hindi",NA,NA,NA,524288
"144","Hindi",NA,NA,NA,1048576
"145","Hindi",NA,NA,NA,2097152
"146","Hindi",NA,NA,NA,4194304
"147","Hindi",NA,NA,NA,8388608
"148","Indonesian",0.995288697697159,0.654737011347741,0.577777777777778,8
"149","Indonesian",0.992478232089148,0.614086681799422,0.593817370328505,16
"150","Indonesian",0.985381322107475,0.585213368702208,0.584216969342577,32
"151","Indonesian",0.976358555473337,0.636429326817998,0.622647906391578,64
"152","Indonesian",0.962430572225932,0.635451046581019,0.577295608824435,128
"153","Indonesian",0.945119445265528,0.624940710583373,0.516608577202134,256
"154","Indonesian",0.918795715458817,0.59261652894738,0.421931193896603,512
"155","Indonesian",0.885616745019767,0.556522474315651,0.354341195822212,1024
"156","Indonesian",0.845534777988824,0.522344717855231,0.291414667542473,2048
"157","Indonesian",0.79692178934581,0.485677988142159,0.218780906381336,4096
"158","Indonesian",0.748180365058703,0.45689024996648,0.172558662043596,8192
"159","Indonesian",0.694141036054938,0.429112810191456,0.139031489816876,16384
"160","Indonesian",NA,NA,NA,32768
"161","Indonesian",NA,NA,NA,65536
"162","Indonesian",NA,NA,NA,131072
"163","Indonesian",NA,NA,NA,262144
"164","Indonesian",NA,NA,NA,524288
"165","Indonesian",NA,NA,NA,1048576
"166","Indonesian",NA,NA,NA,2097152
"167","Indonesian",NA,NA,NA,4194304
"168","Indonesian",NA,NA,NA,8388608
"169","Icelandic",0.997533626977004,0.828652685463831,0.747058823529412,8
"170","Icelandic",0.994359923814429,0.811768373083815,0.76317187658451,16
"171","Icelandic",0.989820737806052,0.802598118447288,0.783664217724269,32
"172","Icelandic",0.982858003761361,0.842388574656116,0.817418331074088,64
"173","Icelandic",0.976513443940171,0.858057261234319,0.795824502556982,128
"174","Icelandic",0.967877017039451,0.855405483640324,0.749073575628628,256
"175","Icelandic",0.956470343071783,0.84733110165956,0.695570656566357,512
"176","Icelandic",0.940494502553909,0.829334891775721,0.644347837434705,1024
"177","Icelandic",0.920812588293255,0.809295346909012,0.5798428975261,2048
"178","Icelandic",0.894743751807491,0.784962811282964,0.502398610853767,4096
"179","Icelandic",0.868560424890243,0.768148339877335,0.456542537996192,8192
"180","Icelandic",NA,NA,NA,16384
"181","Icelandic",NA,NA,NA,32768
"182","Icelandic",NA,NA,NA,65536
"183","Icelandic",NA,NA,NA,131072
"184","Icelandic",NA,NA,NA,262144
"185","Icelandic",NA,NA,NA,524288
"186","Icelandic",NA,NA,NA,1048576
"187","Icelandic",NA,NA,NA,2097152
"188","Icelandic",NA,NA,NA,4194304
"189","Icelandic",NA,NA,NA,8388608
"190","Italian",0.995049679855242,0.828310002085532,0.748604269293924,8
"191","Italian",0.989090526135784,0.808234326060581,0.742026718967713,16
"192","Italian",0.979466700723298,0.787889746546859,0.752045340946088,32
"193","Italian",0.970046635046847,0.825006769170089,0.801597143812772,64
"194","Italian",0.959215762180741,0.837397297289998,0.819835441519177,128
"195","Italian",0.949641663462805,0.847492475079041,0.796737178168066,256
"196","Italian",0.937730770542791,0.847601357719271,0.728699571862956,512
"197","Italian",0.921771012732443,0.838573974988124,0.635098713551232,1024
"198","Italian",0.900878204668305,0.822383919615007,0.527419538846807,2048
"199","Italian",0.874966340378098,0.802242002473045,0.428391269129654,4096
"200","Italian",0.842572442440142,0.777116422159949,0.334512014006689,8192
"201","Italian",0.806992315415894,0.752633934894063,0.260846888936078,16384
"202","Italian",NA,NA,NA,32768
"203","Italian",NA,NA,NA,65536
"204","Italian",NA,NA,NA,131072
"205","Italian",NA,NA,NA,262144
"206","Italian",NA,NA,NA,524288
"207","Italian",NA,NA,NA,1048576
"208","Italian",NA,NA,NA,2097152
"209","Italian",NA,NA,NA,4194304
"210","Italian",NA,NA,NA,8388608
"211","Japanese",0.999230769230769,0.98125,0.98125,8
"212","Japanese",0.997615947678448,0.918933708567855,0.907193890120719,16
"213","Japanese",0.994556158196486,0.91756777712407,0.890398980737642,32
"214","Japanese",0.989770897403809,0.920417457854393,0.844080640471516,64
"215","Japanese",0.982523767611641,0.914264459356813,0.777432703770601,128
"216","Japanese",0.970884314597052,0.89120222048145,0.655587044013598,256
"217","Japanese",0.954732106337431,0.865090124234002,0.527391030168067,512
"218","Japanese",0.93597058250756,0.840882667280275,0.434774649495914,1024
"219","Japanese",0.92063264214036,0.8281931727278,0.414704847415014,2048
"220","Japanese",0.898470129607143,0.808734082501951,0.399054674690722,4096
"221","Japanese",0.876782895032596,0.795292591827884,0.390080364350565,8192
"222","Japanese",0.851887679521301,0.782932245149654,0.373255554874162,16384
"223","Japanese",NA,NA,NA,32768
"224","Japanese",NA,NA,NA,65536
"225","Japanese",NA,NA,NA,131072
"226","Japanese",NA,NA,NA,262144
"227","Japanese",NA,NA,NA,524288
"228","Japanese",NA,NA,NA,1048576
"229","Japanese",NA,NA,NA,2097152
"230","Japanese",NA,NA,NA,4194304
"231","Japanese",NA,NA,NA,8388608
"232","Japanese-romaji",0.994009803703921,0.850127728022465,0.778244047619048,8
"233","Japanese-romaji",0.98908777029873,0.838591059962831,0.783054606128683,16
"234","Japanese-romaji",0.981011494774499,0.825823420076171,0.809155202073044,32
"235","Japanese-romaji",0.968078052264854,0.829161179991111,0.814921103221172,64
"236","Japanese-romaji",0.953294174068982,0.829054282176862,0.790576435076218,128
"237","Japanese-romaji",0.935348863549971,0.817318867866758,0.726230655210571,256
"238","Japanese-romaji",0.909786848249636,0.795012909579453,0.630856449168255,512
"239","Japanese-romaji",0.880117906418933,0.771968746117426,0.534602059147494,1024
"240","Japanese-romaji",0.846254730095889,0.746560128163916,0.436746876479986,2048
"241","Japanese-romaji",0.806928205924706,0.718913981368674,0.330848320805619,4096
"242","Japanese-romaji",0.774567072719578,0.702445385744309,0.274730474399319,8192
"243","Japanese-romaji",0.736697627082538,0.682633987587045,0.215737697179834,16384
"244","Japanese-romaji",NA,NA,NA,32768
"245","Japanese-romaji",NA,NA,NA,65536
"246","Japanese-romaji",NA,NA,NA,131072
"247","Japanese-romaji",NA,NA,NA,262144
"248","Japanese-romaji",NA,NA,NA,524288
"249","Japanese-romaji",NA,NA,NA,1048576
"250","Japanese-romaji",NA,NA,NA,2097152
"251","Japanese-romaji",NA,NA,NA,4194304
"252","Japanese-romaji",NA,NA,NA,8388608
"253","Japanese-strokes",0.9909303846985,0.82989377534542,0.688333333333333,8
"254","Japanese-strokes",0.983198338630996,0.816442718958812,0.696187427054661,16
"255","Japanese-strokes",0.971903271679308,0.807883092005544,0.69670974228415,32
"256","Japanese-strokes",0.959005384296618,0.838032139828649,0.731507967697096,64
"257","Japanese-strokes",0.94700900621103,0.854819317295102,0.760253407129185,128
"258","Japanese-strokes",0.932504219543284,0.857976744624612,0.743391550270572,256
"259","Japanese-strokes",0.906561357498844,0.842219133300829,0.664206174259175,512
"260","Japanese-strokes",0.877081236996585,0.826814010694159,0.557596003670699,1024
"261","Japanese-strokes",0.841337631074714,0.805858094883895,0.418241057082485,2048
"262","Japanese-strokes",0.797220091157219,0.779037024439286,0.288067685109532,4096
"263","Japanese-strokes",0.749485446844407,0.751254377061826,0.19679489045242,8192
"264","Japanese-strokes",0.698499401033914,0.72346579049619,0.137127224664137,16384
"265","Japanese-strokes",NA,NA,NA,32768
"266","Japanese-strokes",NA,NA,NA,65536
"267","Japanese-strokes",NA,NA,NA,131072
"268","Japanese-strokes",NA,NA,NA,262144
"269","Japanese-strokes",NA,NA,NA,524288
"270","Japanese-strokes",NA,NA,NA,1048576
"271","Japanese-strokes",NA,NA,NA,2097152
"272","Japanese-strokes",NA,NA,NA,4194304
"273","Japanese-strokes",NA,NA,NA,8388608
"274","Korean",0.998997493734336,0.679166666666667,0.725,8
"275","Korean",0.998867258867259,0.704356060606061,0.678219696969697,16
"276","Korean",0.997013120950764,0.71248620680278,0.729068146163349,32
"277","Korean",0.994413012500757,0.713094718204164,0.725220383818028,64
"278","Korean",0.987982772868942,0.686190163650324,0.684025043822052,128
"279","Korean",0.978545403040733,0.682191055811631,0.638497520445158,256
"280","Korean",0.967090181408485,0.682026582497031,0.602504474795863,512
"281","Korean",0.955544380797401,0.685761145183924,0.578392071567638,1024
"282","Korean",0.938458086076008,0.667510228435664,0.52607558599297,2048
"283","Korean",0.916624046013101,0.64607981005294,0.463505662268822,4096
"284","Korean",0.89130156415274,0.626003648949911,0.404833045158328,8192
"285","Korean",NA,NA,NA,16384
"286","Korean",NA,NA,NA,32768
"287","Korean",NA,NA,NA,65536
"288","Korean",NA,NA,NA,131072
"289","Korean",NA,NA,NA,262144
"290","Korean",NA,NA,NA,524288
"291","Korean",NA,NA,NA,1048576
"292","Korean",NA,NA,NA,2097152
"293","Korean",NA,NA,NA,4194304
"294","Korean",NA,NA,NA,8388608
"295","Polish",0.998501336898396,0.84170178216214,0.851851851851852,8
"296","Polish",0.997353982556203,0.861397053703973,0.877375833276454,16
"297","Polish",0.993848617205353,0.830639755605118,0.839488669878869,32
"298","Polish",0.988414810124824,0.840306766458787,0.832433962018371,64
"299","Polish",0.983565233080354,0.851176209542913,0.81767024885171,128
"300","Polish",0.975983709940102,0.845461487070324,0.775915412039674,256
"301","Polish",0.965956340870425,0.833678610282338,0.708652165034635,512
"302","Polish",0.95321040047267,0.813487826848242,0.617085955862947,1024
"303","Polish",0.934829196141526,0.782723674919024,0.503402017570987,2048
"304","Polish",0.91312581665587,0.753284551262947,0.420515717909919,4096
"305","Polish",0.882960675906994,0.716235002059378,0.337202605724069,8192
"306","Polish",NA,NA,NA,16384
"307","Polish",NA,NA,NA,32768
"308","Polish",NA,NA,NA,65536
"309","Polish",NA,NA,NA,131072
"310","Polish",NA,NA,NA,262144
"311","Polish",NA,NA,NA,524288
"312","Polish",NA,NA,NA,1048576
"313","Polish",NA,NA,NA,2097152
"314","Polish",NA,NA,NA,4194304
"315","Polish",NA,NA,NA,8388608
"316","Portuguese",0.994763594072679,0.887768728556286,0.822101449275362,8
"317","Portuguese",0.988157939929579,0.85576246804681,0.811951730919669,16
"318","Portuguese",0.982848818125323,0.868519750915389,0.845499567239051,32
"319","Portuguese",0.975293943802613,0.885687093229592,0.863096935436861,64
"320","Portuguese",0.966135482446349,0.88535599466946,0.842445211930317,128
"321","Portuguese",0.956944387509214,0.88567280852182,0.818283740454927,256
"322","Portuguese",0.944895961699558,0.879175136930019,0.75328087478597,512
"323","Portuguese",0.929052908890209,0.866685022217099,0.646642316948892,1024
"324","Portuguese",0.905662668950482,0.844692602756528,0.517447284592341,2048
"325","Portuguese",0.879107478912039,0.822078449746315,0.425399598819037,4096
"326","Portuguese",0.843128512809801,0.793106272543289,0.329225024097337,8192
"327","Portuguese",0.804879203564483,0.765974737339794,0.269037422999354,16384
"328","Portuguese",NA,NA,NA,32768
"329","Portuguese",NA,NA,NA,65536
"330","Portuguese",NA,NA,NA,131072
"331","Portuguese",NA,NA,NA,262144
"332","Portuguese",NA,NA,NA,524288
"333","Portuguese",NA,NA,NA,1048576
"334","Portuguese",NA,NA,NA,2097152
"335","Portuguese",NA,NA,NA,4194304
"336","Portuguese",NA,NA,NA,8388608
"337","Russian",0.998238164251208,0.927531027531028,0.916666666666667,8
"338","Russian",0.996177854450113,0.895994305869971,0.886849130705463,16
"339","Russian",0.992412896529481,0.889910683565818,0.87048674569761,32
"340","Russian",0.986874839622004,0.875763148930494,0.829978066991447,64
"341","Russian",0.979618709419791,0.874055418841148,0.805025186793018,128
"342","Russian",0.968794110977011,0.858399065432493,0.753084592378478,256
"343","Russian",0.954621452876618,0.842182015055718,0.680330348834437,512
"344","Russian",0.939130600450903,0.826321201794212,0.583828503970386,1024
"345","Russian",0.919052003698872,0.802782575805637,0.477132940911093,2048
"346","Russian",0.894031211532846,0.775493331876505,0.384198735938521,4096
"347","Russian",0.862696445753838,0.745166632338071,0.319128591979531,8192
"348","Russian",NA,NA,NA,16384
"349","Russian",NA,NA,NA,32768
"350","Russian",NA,NA,NA,65536
"351","Russian",NA,NA,NA,131072
"352","Russian",NA,NA,NA,262144
"353","Russian",NA,NA,NA,524288
"354","Russian",NA,NA,NA,1048576
"355","Russian",NA,NA,NA,2097152
"356","Russian",NA,NA,NA,4194304
"357","Russian",NA,NA,NA,8388608
"358","Spanish",0.997505693581781,0.897464545258663,0.852721088435374,8
"359","Spanish",0.989593247786741,0.81420291450135,0.768051707784529,16
"360","Spanish",0.980905329262884,0.832664064882736,0.801897326562141,32
"361","Spanish",0.97202012785389,0.85356749340358,0.840260711175449,64
"362","Spanish",0.962112980648801,0.858312290245768,0.840842752245451,128
"363","Spanish",0.95254656538149,0.861812875049492,0.807725294707939,256
"364","Spanish",0.938468037540492,0.85268087682732,0.718643156808305,512
"365","Spanish",0.916873128281977,0.829934071892485,0.587810560659949,1024
"366","Spanish",0.890178993030367,0.804088859852591,0.472661054678005,2048
"367","Spanish",0.862079114036919,0.780924708782562,0.387460321789062,4096
"368","Spanish",0.825538071043618,0.751825001029195,0.30259884960363,8192
"369","Spanish",0.788371010007755,0.726267945356381,0.240727681153228,16384
"370","Spanish",NA,NA,NA,32768
"371","Spanish",NA,NA,NA,65536
"372","Spanish",NA,NA,NA,131072
"373","Spanish",NA,NA,NA,262144
"374","Spanish",NA,NA,NA,524288
"375","Spanish",NA,NA,NA,1048576
"376","Spanish",NA,NA,NA,2097152
"377","Spanish",NA,NA,NA,4194304
"378","Spanish",NA,NA,NA,8388608
"379","Swedish",0.995667678966833,0.662141234817538,0.471111111111111,8
"380","Swedish",0.993233454540791,0.74172466843615,0.675329634904103,16
"381","Swedish",0.987710253736018,0.735113973396341,0.688725858268682,32
"382","Swedish",0.979488056201211,0.788525907877461,0.749963842288276,64
"383","Swedish",0.971522845380998,0.81499984942191,0.769764763388792,128
"384","Swedish",0.959894249111103,0.818577463820459,0.750119777039504,256
"385","Swedish",0.945040438234237,0.811131057368335,0.691103308920469,512
"386","Swedish",0.926696648871143,0.796432440592355,0.627761171459573,1024
"387","Swedish",0.90313670311478,0.775343216668086,0.534043789553347,2048
"388","Swedish",0.872148703331406,0.74920802049782,0.450332246715829,4096
"389","Swedish",0.836557805451253,0.724143035301001,0.387322471810729,8192
"390","Swedish",NA,NA,NA,16384
"391","Swedish",NA,NA,NA,32768
"392","Swedish",NA,NA,NA,65536
"393","Swedish",NA,NA,NA,131072
"394","Swedish",NA,NA,NA,262144
"395","Swedish",NA,NA,NA,524288
"396","Swedish",NA,NA,NA,1048576
"397","Swedish",NA,NA,NA,2097152
"398","Swedish",NA,NA,NA,4194304
"399","Swedish",NA,NA,NA,8388608
"400","Thai",0.997051615068856,0.504901648059543,0.47,8
"401","Thai",0.992005242668893,0.654028791138318,0.557595587395782,16
"402","Thai",0.986010194336972,0.679781276083194,0.582443112456077,32
"403","Thai",0.974466777308859,0.658086958081838,0.550463694599808,64
"404","Thai",0.96096731061788,0.675365348008957,0.571855175927485,128
"405","Thai",0.943518839353579,0.681534696261909,0.560693072261397,256
"406","Thai",0.922715084516055,0.688776791960798,0.52729227186906,512
"407","Thai",0.89214356346331,0.675716756863222,0.468469917098408,1024
"408","Thai",0.861421668919612,0.670508728894624,0.433997869587253,2048
"409","Thai",0.821017200990777,0.652611566088316,0.3646567747855,4096
"410","Thai",0.784096146744603,0.643122224520634,0.321723588073083,8192
"411","Thai",0.746457798115931,0.63465852814443,0.284262749148982,16384
"412","Thai",NA,NA,NA,32768
"413","Thai",NA,NA,NA,65536
"414","Thai",NA,NA,NA,131072
"415","Thai",NA,NA,NA,262144
"416","Thai",NA,NA,NA,524288
"417","Thai",NA,NA,NA,1048576
"418","Thai",NA,NA,NA,2097152
"419","Thai",NA,NA,NA,4194304
"420","Thai",NA,NA,NA,8388608
"421","Turkish",0.999133875338753,0.8125,0.777777777777778,8
"422","Turkish",0.997985648805005,0.78766031377992,0.744914176732358,16
"423","Turkish",0.995263831970797,0.753716291822445,0.758431937534847,32
"424","Turkish",0.991278902365267,0.760267950064912,0.745508462205642,64
"425","Turkish",0.984000298220473,0.749503603141684,0.702222500761108,128
"426","Turkish",0.973184484988207,0.722244910672355,0.61554573492788,256
"427","Turkish",0.958797098774434,0.690609921644286,0.550364305966739,512
"428","Turkish",0.941416442244911,0.665289435101403,0.499438035625169,1024
"429","Turkish",0.916750979022384,0.632476134186582,0.449252795292386,2048
"430","Turkish",0.891001947563084,0.616256429954479,0.423819343595087,4096
"431","Turkish",0.85646484468348,0.593525629445476,0.376078790763164,8192
"432","Turkish",NA,NA,NA,16384
"433","Turkish",NA,NA,NA,32768
"434","Turkish",NA,NA,NA,65536
"435","Turkish",NA,NA,NA,131072
"436","Turkish",NA,NA,NA,262144
"437","Turkish",NA,NA,NA,524288
"438","Turkish",NA,NA,NA,1048576
"439","Turkish",NA,NA,NA,2097152
"440","Turkish",NA,NA,NA,4194304
"441","Turkish",NA,NA,NA,8388608
"442","Chinese",1,1,1,8
"443","Chinese",0.999705882352941,0.983660130718954,0.981481481481482,16
"444","Chinese",0.998660291519804,0.966764027720168,0.956341041998937,32
"445","Chinese",0.996088731174215,0.932228873393466,0.869678854230614,64
"446","Chinese",0.992510339874841,0.911159311288424,0.816647518746659,128
"447","Chinese",0.98540589737645,0.876427199917186,0.722741353283481,256
"448","Chinese",0.973740158184541,0.838795907585563,0.61106256637127,512
"449","Chinese",0.953707706110564,0.787328413741115,0.48021745095084,1024
"450","Chinese",0.943835888394461,0.786581091069699,0.482533343032306,2048
"451","Chinese",0.926140351089257,0.765783448596039,0.480163993488197,4096
"452","Chinese",0.906915375331831,0.746556912914034,0.465771252630651,8192
"453","Chinese",0.884396604624083,0.725887451790309,0.441424728282597,16384
"454","Chinese",NA,NA,NA,32768
"455","Chinese",NA,NA,NA,65536
"456","Chinese",NA,NA,NA,131072
"457","Chinese",NA,NA,NA,262144
"458","Chinese",NA,NA,NA,524288
"459","Chinese",NA,NA,NA,1048576
"460","Chinese",NA,NA,NA,2097152
"461","Chinese",NA,NA,NA,4194304
"462","Chinese",NA,NA,NA,8388608
"463","Chinese-pinyin",0.997947889500628,0.864417989417989,0.815079365079365,8
"464","Chinese-pinyin",0.997085273836487,0.897660070672894,0.882170247448025,16
"465","Chinese-pinyin",0.993548596218427,0.885269967086011,0.861566101716754,32
"466","Chinese-pinyin",0.986083608693029,0.838164832482882,0.745639422775599,64
"467","Chinese-pinyin",0.976256162748093,0.803579062242138,0.675352946157715,128
"468","Chinese-pinyin",0.963233825083261,0.777883435415341,0.622812562944498,256
"469","Chinese-pinyin",0.94486800267981,0.748514408505551,0.539733035243723,512
"470","Chinese-pinyin",0.921686984434474,0.719470984696201,0.451934918514676,1024
"471","Chinese-pinyin",0.892988147722303,0.688502603603841,0.364002163814276,2048
"472","Chinese-pinyin",0.862659451965642,0.662922009115722,0.304290732850303,4096
"473","Chinese-pinyin",0.825737098863817,0.633481822074188,0.250136441493765,8192
"474","Chinese-pinyin",0.790076373493859,0.611646960895859,0.225618291971558,16384
"475","Chinese-pinyin",NA,NA,NA,32768
"476","Chinese-pinyin",NA,NA,NA,65536
"477","Chinese-pinyin",NA,NA,NA,131072
"478","Chinese-pinyin",NA,NA,NA,262144
"479","Chinese-pinyin",NA,NA,NA,524288
"480","Chinese-pinyin",NA,NA,NA,1048576
"481","Chinese-pinyin",NA,NA,NA,2097152
"482","Chinese-pinyin",NA,NA,NA,4194304
"483","Chinese-pinyin",NA,NA,NA,8388608
"484","Chinese-strokes",0.991440990546815,0.667555785172771,0.495181405895692,8
"485","Chinese-strokes",0.986002820404622,0.674752234147852,0.628216087455218,16
"486","Chinese-strokes",0.974347490250228,0.648857866253295,0.63256376743641,32
"487","Chinese-strokes",0.956266025380112,0.619092678342747,0.613520029584968,64
"488","Chinese-strokes",0.941585786416302,0.64230492550157,0.637834545622004,128
"489","Chinese-strokes",0.923680885539823,0.657224329533164,0.603649848569327,256
"490","Chinese-strokes",0.900413146734405,0.659001682304906,0.551114713159029,512
"491","Chinese-strokes",0.86929718012637,0.64815334774378,0.475545038254635,1024
"492","Chinese-strokes",0.832540765386797,0.635155893937705,0.402349608784498,2048
"493","Chinese-strokes",0.792345488257918,0.622325914496981,0.336343836818394,4096
"494","Chinese-strokes",0.748630000348742,0.607437335679221,0.280328617141612,8192
"495","Chinese-strokes",0.703754682108735,0.5944643614563,0.242161015197946,16384
"496","Chinese-strokes",NA,NA,NA,32768
"497","Chinese-strokes",NA,NA,NA,65536
"498","Chinese-strokes",NA,NA,NA,131072
"499","Chinese-strokes",NA,NA,NA,262144
"500","Chinese-strokes",NA,NA,NA,524288
"501","Chinese-strokes",NA,NA,NA,1048576
"502","Chinese-strokes",NA,NA,NA,2097152
"503","Chinese-strokes",NA,NA,NA,4194304
"504","Chinese-strokes",NA,NA,NA,8388608
