frequency,word,meanDuration,medianDuration,stDevDuration,n_characters
169,என்ன,0.46532544378698215,0.4099999999999997,0.2787152402050697,4
88,இந்த,0.42715909090909093,0.4050000000000001,0.1454754303514709,4
91,நல்ல,0.5095604395604396,0.4700000000000001,0.3568719412024184,4
2,விளக்குவைத்த,0.725,0.725,NA,12
16,கார,0.31375,0.29499999999999993,NA,3
11,நீண்ட,0.6072727272727273,0.43000000000000005,NA,5
2,லேயிழைத்த,0.94,0.94,NA,9
3,கந்தக,0.4200000000000001,0.41000000000000003,NA,5
6,தோன்ற,0.5133333333333333,0.48999999999999994,NA,5
112,வேண்டும,0.5572321428571428,0.54,0.24278492992929399,7
13,வேண்ட,0.44923076923076927,0.48,NA,5
3,வழங்கிட,0.7433333333333333,0.7100000000000001,NA,7
17,வான,0.32941176470588246,0.3599999999999999,NA,3
27,நோக்க,0.3922222222222222,0.3700000000000001,0.0829426740555619,5
28,இனிய,0.45428571428571435,0.43500000000000005,0.11864758184324145,4
21,மிக்க,0.5238095238095238,0.4099999999999999,0.4709721455720729,5
2,மாசற்ற,0.8400000000000001,0.8400000000000001,NA,6
37,தலைவ,0.4083783783783784,0.41999999999999993,0.1303097487935213,4
14,தங்க,0.43642857142857144,0.3749999999999999,NA,4
5,என்னென்ன,0.75,0.7599999999999998,NA,8
7,விளைத்த,0.49571428571428583,0.53,NA,7
10,அண்ண,0.674,0.495,NA,4
3,அறனல்ல,0.5233333333333334,0.5200000000000005,NA,6
135,வந்த,0.42362962962962963,0.4099999999999999,0.17629523832432895,4
2,தமிழறிந்த,0.66,0.66,NA,9
81,என,0.26296296296296295,0.26,0.08406016363956896,2
8,சமூக,0.6499999999999999,0.61,NA,4
23,கூட,0.29695652173913045,0.29000000000000004,0.07665950588085757,3
3,நான்விஜய,1.0466666666666666,1.0299999999999998,NA,8
11,வாய்ந்த,0.5154545454545455,0.48,NA,7
3,சமத்துவ,0.7533333333333333,0.74,NA,7
46,நின்ற,0.587391304347826,0.55,0.3528073744669474,5
3,தூக்காத,0.6533333333333332,0.5599999999999999,NA,7
3,கொக்கொக்க,0.9633333333333333,0.94,NA,9
3,குத்தொக்க,0.8133333333333331,0.8999999999999995,NA,9
3,சீர்த்த,0.5933333333333334,0.6400000000000006,NA,7
9,இடத்த,0.5744444444444445,0.4900000000000002,NA,5
17,இருந்த,0.5158823529411765,0.52,NA,6
5,ஒட்ட,0.518,0.5199999999999999,NA,4
3,புற,0.36333333333333334,0.3800000000000001,NA,3
2,தீபகற்ப,0.6849999999999998,0.6849999999999998,NA,7
5,இந்திய,0.584,0.6099999999999999,NA,6
3,பைய,0.33666666666666667,0.35,NA,3
7,சித்தரித்த,0.7985714285714286,0.73,NA,10
5,கோல,0.3520000000000001,0.3400000000000003,NA,3
7,மிகுந்த,0.6900000000000001,0.7000000000000002,NA,7
5,உண்மையான,0.684,0.6700000000000002,NA,8
11,தன,0.23727272727272733,0.2200000000000002,NA,2
275,என்ற,0.49203636363636366,0.43000000000000016,0.27704422448860944,4
3,கேள்விப்பட்ட,0.7566666666666665,0.7899999999999998,NA,12
2,குறுநில,0.52,0.52,NA,7
43,இங்க,0.5206976744186047,0.3900000000000001,0.41190264307893837,4
4,சந்தித்த,0.715,0.7049999999999998,NA,8
24,ஆங்க,0.5579166666666667,0.5699999999999998,0.14285837214792,4
2,பாடாத,0.6200000000000001,0.6200000000000001,NA,5
107,இல்ல,0.49841121495327095,0.4500000000000002,0.23010723313482084,4
15,போட்ட,0.44333333333333347,0.44000000000000006,NA,5
5,தருகின்ற,0.7380000000000001,0.72,NA,8
2,தூங்கல,0.665,0.665,NA,6
26,கற்க,0.5526923076923077,0.5100000000000001,0.20049055224239748,4
5,யான,0.5239999999999999,0.5099999999999998,NA,3
9,சிரித்த,0.5377777777777778,0.5499999999999999,NA,7
9,யாமறிந்த,0.7511111111111111,0.77,NA,8
7,கலந்த,0.5528571428571428,0.54,NA,5
3,நோய்க,0.41333333333333333,0.41000000000000014,NA,5
2,அடியேன்செய்த,1.2150000000000003,1.2150000000000003,NA,12
9,தவிர,0.37444444444444447,0.38,NA,4
2,கைப்பட,0.5349999999999999,0.5349999999999999,NA,6
80,அந்த,0.476375,0.45499999999999974,0.26982996873089626,4
2,சால்ஊன்றிய,0.9650000000000003,0.9650000000000003,NA,10
5,பெயர்கொண்ட,0.768,0.7799999999999998,NA,10
3,மொழியென்ற,0.7966666666666667,0.8199999999999998,NA,9
3,வணங்கிய,0.6699999999999999,0.69,NA,7
5,மறைவாக,0.7959999999999999,0.7999999999999998,NA,6
4,தீராத,0.75,0.75,NA,5
49,போல,0.3881632653061225,0.3599999999999999,0.15405185097594784,3
30,போக,0.3576666666666667,0.3700000000000001,0.11953021067649727,3
3,எக்களிக்க,0.66,0.72,NA,9
3,சிதைந்த,0.7700000000000001,0.8,NA,7
12,இணங்க,0.5391666666666666,0.48499999999999976,NA,5
24,உள்ள,0.375,0.4050000000000001,0.1231118261546405,4
3,தாயென்ற,0.7399999999999999,0.72,NA,7
25,எண்ண,0.4171999999999999,0.33999999999999986,0.20855694665965938,4
3,செறிந்தென்ன,0.9199999999999999,0.9400000000000002,NA,11
3,ஆடுகின்ற,0.7566666666666667,0.73,NA,8
3,வெறிகொண்ட,0.7700000000000001,0.7,NA,9
5,வேலைய,0.526,0.5099999999999999,NA,5
5,உழைத்த,0.612,0.55,NA,6
3,கதறுகின்ற,0.87,0.9,NA,9
3,நேராக,0.6333333333333333,0.56,NA,5
3,நாம்திறக்க,0.7133333333333333,0.7399999999999998,NA,10
3,புரைதீர்ந்த,1.0399999999999998,1.0799999999999996,NA,11
3,வெதுப்பிய,0.6900000000000001,0.56,NA,9
2,ஈக,0.41500000000000004,0.41500000000000004,NA,2
3,ஒளியன்ன,0.79,0.77,NA,7
3,மறைவற்ற,0.7033333333333333,0.6600000000000001,NA,7
11,வார,0.3527272727272728,0.27,NA,3
2,றிருந்த,0.845,0.845,NA,7
3,சரியல்ல,0.6866666666666669,0.7400000000000002,NA,7
68,அங்க,0.43808823529411767,0.4150000000000001,0.17808481421377778,4
2,தமிழ்மக்க,0.655,0.655,NA,9
9,நன்றாக,0.7777777777777778,0.7200000000000002,NA,6
2,இழுத்துவர,0.7549999999999997,0.7549999999999997,NA,9
8,அழுத,0.4475,0.41999999999999993,NA,4
3,பயன்தர,0.9133333333333334,1.0100000000000002,NA,6
1,அரசரெல்லாம,0.9199999999999999,0.9199999999999999,NA,10
25,அமுத,0.4204,0.44000000000000017,0.11141065179476035,4
14,போன்ற,0.5321428571428573,0.5050000000000001,NA,5
53,காதல,0.4771698113207547,0.44999999999999973,0.13676731163789108,4
26,வாங்க,0.5126923076923077,0.4700000000000001,0.19234464260400272,5
5,இதுகேட்ட,0.766,0.7200000000000002,NA,8
3,கொய்வ,0.3366666666666666,0.33999999999999986,NA,5
3,உயர்வுற்ற,0.8133333333333334,0.8099999999999999,NA,9
3,உணர்வுற்ற,0.7700000000000001,0.77,NA,9
2,நல்கிய,0.695,0.695,NA,6
2,குளிரிள,0.68,0.68,NA,7
2,லாம்சம,0.46999999999999986,0.46999999999999986,NA,6
4,மாக,0.41000000000000003,0.395,NA,3
2,அடைந்திட,0.6350000000000001,0.6350000000000001,NA,8
9,கென்ன,0.44777777777777783,0.41000000000000014,NA,5
5,அடுத்த,0.506,0.51,NA,6
17,கேட்ட,0.4641176470588235,0.42999999999999994,NA,5
13,நெஞ்ச,0.5699999999999998,0.47,NA,5
23,நீங்க,0.5134782608695653,0.45999999999999985,0.22832609645879437,5
12,இருக்கீங்க,0.7583333333333332,0.72,NA,10
2,பூட்டவந்த,0.9850000000000001,0.9850000000000001,NA,9
6,தீர்ந்த,0.48,0.47,NA,7
4,லாத,0.40249999999999997,0.395,NA,3
3,ராவ,0.426666666666667,0.4400000000000004,NA,3
2,நட,0.30500000000000016,0.30500000000000016,NA,2
2,மறைந்துவிட்ட,0.765,0.765,NA,12
4,சரேலென,0.5974999999999999,0.62,NA,6
3,யந்திர,0.55,0.55,NA,6
3,தம்முடைய,0.5033333333333333,0.53,NA,8
2,நலம்பட,0.57,0.57,NA,6
2,ஆயின,0.575,0.575,NA,4
44,தந்த,0.47750000000000004,0.3999999999999999,0.2984153886548857,4
2,கூவின,0.48,0.48,NA,5
3,அல்ல,0.45666666666666683,0.4600000000000004,NA,4
7,திரிய,0.36571428571428566,0.3599999999999999,NA,5
2,நீர்கவர,0.9550000000000002,0.9550000000000002,NA,7
16,அரச,0.38125,0.39000000000000007,NA,3
2,தன்கண,0.605,0.605,NA,5
3,மாறியுள்ளன,0.68,0.6499999999999999,NA,10
2,அரிய,0.4049999999999999,0.4049999999999999,NA,4
9,சாப்பிட,0.5233333333333333,0.52,NA,7
3,யுடைபாவ,0.6366666666666667,0.6600000000000001,NA,7
7,பண்ற,0.5914285714285715,0.51,NA,4
45,சொல்ல,0.4228888888888889,0.3999999999999999,0.13065607563756879,5
5,விளைக்க,0.5920000000000001,0.5700000000000001,NA,7
4,புதிய,0.4149999999999999,0.4149999999999999,NA,5
2,தூண்டுவ,0.5200000000000001,0.5200000000000001,NA,7
6,ஆன,0.4099999999999999,0.375,NA,2
12,தென்ன,0.5549999999999999,0.4600000000000001,NA,5
2,காணப்பட்ட,0.6550000000000002,0.6550000000000002,NA,9
3,மிகப்பெரிய,0.643333333333333,0.6399999999999999,NA,10
3,செப்பிய,0.6100000000000002,0.6400000000000001,NA,7
2,கனவொழிய,0.6200000000000001,0.6200000000000001,NA,7
6,சட்டென,0.5733333333333333,0.56,NA,6
2,பண்ணுவீங்க,0.6950000000000001,0.6950000000000001,NA,10
3,பொருளற்ற,0.7133333333333333,0.73,NA,8
3,ஈர,0.4066666666666667,0.41000000000000003,NA,2
18,எந்த,0.4438888888888889,0.3650000000000002,NA,4
2,செய்துதந்த,1.0050000000000001,1.0050000000000001,NA,10
11,ஏறிய,0.5690909090909091,0.5600000000000003,NA,4
2,அகண்ட,0.735,0.735,NA,5
2,மலையாத,0.7350000000000002,0.7350000000000002,NA,6
21,திறந்த,0.5861904761904763,0.44999999999999996,0.5340831039311784,6
6,வாடாத,0.65,0.6150000000000001,NA,5
3,பூமுடித்த,0.7933333333333333,0.76,NA,9
1,எனப்பல,0.7100000000000001,0.7100000000000001,NA,6
3,வாழ்க,0.5433333333333333,0.5,NA,5
3,சாதிமத,0.8566666666666666,0.8,NA,6
3,பெயர்த்திட,0.65,0.63,NA,10
2,யார்உறங்க,0.9850000000000001,0.9850000000000001,NA,9
2,தருக,0.31000000000000005,0.31000000000000005,NA,4
41,எங்க,0.4475609756097561,0.3900000000000001,0.20968763062952567,4
2,பறித்தெடுத்த,0.78,0.78,NA,12
7,பூத்த,0.4971428571428572,0.4800000000000002,NA,5
2,அவர்க்கென்ன,0.8700000000000001,0.8700000000000001,NA,11
34,அட,0.27705882352941175,0.23999999999999988,0.11479967827440679,2
6,புதிதாக,0.7066666666666667,0.6849999999999999,NA,7
3,உழைக்காத,0.66,0.6699999999999999,NA,8
7,மிக,0.39571428571428574,0.43999999999999995,NA,3
2,வலிய,0.48,0.48,NA,4
8,ஆழ்ந்த,0.5337500000000001,0.515,NA,6
11,சாய்ந்த,0.6609090909090909,0.6399999999999999,NA,7
2,சோழ,0.355,0.355,NA,3
2,தலைநகரமாக,0.8999999999999999,0.8999999999999999,NA,9
5,அறிய,0.348,0.33999999999999986,NA,4
48,சென்ற,0.6077083333333333,0.5599999999999998,0.371192669953153,5
6,வாய்த்த,0.7733333333333333,0.72,NA,7
3,வாங்கிய,0.6999999999999998,0.8,NA,7
5,கேட்க,0.606,0.6599999999999999,NA,5
3,ஆன்ற,0.4466666666666663,0.4499999999999993,NA,4
3,மதமத,0.5066666666666666,0.54,NA,4
3,இருப்பதாக,0.86,0.79,NA,9
2,வெட்டிவிட்ட,0.9549999999999998,0.9549999999999998,NA,11
3,சேர்சின்ன,0.9,0.8900000000000001,NA,9
2,நோய்கொண்ட,0.4099999999999999,0.4099999999999999,NA,9
6,காங்கேய,0.6933333333333334,0.7050000000000001,NA,7
21,கூப்பிட,0.46,0.4700000000000002,0.07726577508832742,7
3,பழயமுத,0.6966666666666667,0.7100000000000001,NA,6
3,கயலென,0.5766666666666667,0.61,NA,5
2,களாக,0.47,0.47,NA,4
3,கேட்ப,0.38666666666666655,0.34999999999999987,NA,5
15,குன்ற,0.44533333333333336,0.44000000000000017,NA,5
4,மருத்துவ,0.5975,0.625,NA,8
3,போல்வன,0.58,0.6299999999999999,NA,6
8,விட,0.21375000000000002,0.21499999999999997,NA,3
2,வாழ்த்த,0.405,0.405,NA,7
3,தட்டிய,0.7733333333333334,0.45,NA,6
2,நிலங்கிழிக்க,1.045,1.045,NA,12
5,நெடும,0.36800000000000005,0.3700000000000001,NA,5
23,பெற்ற,0.5213043478260869,0.52,0.19419541113916639,5
4,உரைகண்ட,0.745,0.75,NA,7
2,நினைப்பென்ன,0.9049999999999998,0.9049999999999998,NA,11
8,போற்ற,0.46,0.46499999999999997,NA,5
5,ஈன்ற,1.048,0.52,NA,4
3,நிசநூல்மிக,1.0899999999999999,1.0699999999999998,NA,10
16,இன்ப,0.4575,0.39,NA,4
6,வாக,0.2816666666666667,0.2749999999999999,NA,3
3,இடதுபுறமாக,0.8933333333333334,0.9100000000000001,NA,10
3,இவ்விளைய,0.75,0.7200000000000002,NA,8
18,தேட,0.32944444444444443,0.32999999999999974,NA,3
2,புதைக்க,0.49,0.49,NA,7
3,கிழக்காக,0.7333333333333334,0.7,NA,8
4,பகர,0.3475000000000001,0.345,NA,3
3,வெகுநல்ல,0.5899999999999999,0.6699999999999997,NA,8
3,உணர்வுள்ள,0.7333333333333334,0.73,NA,9
2,கண்டெடுத்த,0.81,0.81,NA,10
5,பாய்ச்சிய,0.7300000000000001,0.7500000000000001,NA,9
3,செயப்போவ,0.7533333333333333,0.7599999999999998,NA,8
3,மீண்ல,0.6866666666666666,0.77,NA,5
5,சுரக்கின்ற,0.8400000000000001,0.84,NA,10
3,சயம்செய்க,0.8199999999999998,0.8399999999999999,NA,9
2,தோன்றிய,0.6749999999999998,0.6749999999999998,NA,7
14,சால,0.3971428571428572,0.3800000000000001,NA,3
3,புத்தக,0.44333333333333336,0.45000000000000007,NA,6
19,கொல்ல,0.6778947368421052,0.5300000000000002,NA,5
3,வரீங்க,0.4533333333333333,0.53,NA,6
2,சாற்றுவ,0.6000000000000001,0.6000000000000001,NA,7
11,ஐய,0.47272727272727266,0.38,NA,2
59,இத,0.23949152542372878,0.21999999999999975,0.11157838946636946,2
33,பெரிய,0.4084848484848485,0.41000000000000003,0.06486144907229237,5
2,ணாய்ப்போன,0.6399999999999999,0.6399999999999999,NA,9
3,பளபள,0.55,0.5700000000000001,NA,4
4,ஆள,0.31499999999999995,0.2849999999999999,NA,2
3,குறைந்தன,0.7566666666666667,0.6100000000000001,NA,8
2,குளிரடைந்த,0.7249999999999999,0.7249999999999999,NA,10
2,அளவுக்கதிகமாக,1.005,1.005,NA,13
8,போன,0.345,0.3500000000000001,NA,3
5,மாப,0.36600000000000005,0.3700000000000001,NA,3
8,சாற்ற,0.55625,0.5449999999999999,NA,5
3,வளமிக்க,0.7766666666666665,0.8300000000000001,NA,7
5,உளமுற்ற,0.7659999999999999,0.8099999999999996,NA,7
2,விழுந்திறக்க,0.8199999999999998,0.8199999999999998,NA,12
4,அச்சடித்த,0.8524999999999998,0.9649999999999999,NA,9
6,மந்த,0.8150000000000001,0.4650000000000001,NA,4
1,கதியற்ற,1.1099999999999999,1.1099999999999999,NA,7
1,கோடான,0.6999999999999997,0.6999999999999997,NA,5
4,டாக,0.43000000000000005,0.5049999999999999,NA,3
3,கட்டழிக்க,0.7366666666666667,0.75,NA,9
2,நடக்கின்ற,0.8100000000000002,0.8100000000000002,NA,9
1,உதித்த,0.7599999999999998,0.7599999999999998,NA,6
6,படபட,0.5983333333333333,0.6050000000000001,NA,4
3,என்ன,0.7999999999999999,0.91,NA,5
3,என்ன',0.7033333333333335,0.7200000000000001,NA,5
3,ஆண்டுகளுக்கான,0.9133333333333332,0.8899999999999997,NA,13
3,காலநிலை',1.0933333333333335,0.9300000000000006,NA,9
3,வீசுகின்ற,0.7833333333333332,0.73,NA,9
3,அறிவுடைய,0.5966666666666667,0.6199999999999999,NA,8
3,உய்விக்க,0.5833333333333334,0.5900000000000001,NA,8
9,அறியாத,0.5788888888888888,0.6299999999999999,NA,6
4,பெற,0.32249999999999995,0.365,NA,3
7,இயலாத,0.6757142857142859,0.69,NA,5
20,உதவ,0.274,0.30499999999999977,0.12474816737394538,3
10,செய்ய,0.558,0.5200000000000001,NA,5
2,மாய்ப்ப,0.525,0.525,NA,7
2,பார்க்கின்ற,0.6399999999999999,0.6399999999999999,NA,11
2,நேசிக்க,0.5,0.5,NA,7
6,முடியாத,0.6650000000000001,0.595,NA,7
2,கொல்லவந்த,0.885,0.885,NA,9
2,காத்துக்கொள்ள,1.855,1.855,NA,13
19,அறிந்த,0.5715789473684211,0.45999999999999996,NA,6
16,தல,0.26062499999999994,0.25,NA,2
3,யில்லாத,0.5666666666666665,0.52,NA,7
17,விட்ட,0.3764705882352941,0.35,NA,5
6,நிச்சயமாக,0.8183333333333334,0.8200000000000001,NA,9
5,பொங்க,0.348,0.33000000000000007,NA,5
25,மேல,0.3559999999999999,0.3100000000000005,0.14885675440951052,3
9,கற்ற,0.46222222222222226,0.44000000000000017,NA,4
5,சூதற்ற,0.818,0.88,NA,6
2,ஐம்புலனடக்க,1.215,1.215,NA,11
12,மாற்ற,0.6366666666666666,0.53,NA,5
10,நடந்த,0.687,0.4649999999999999,NA,5
65,கண்ட,0.43846153846153846,0.3500000000000001,0.276112696473462,4
5,வாசிக்க,0.564,0.5899999999999999,NA,7
3,கனத்த,0.5566666666666668,0.56,NA,5
3,நிலைசொல்ல,0.9266666666666667,0.8899999999999999,NA,9
5,இணையற்ற,0.656,0.6399999999999999,NA,7
2,சுவையாக,0.5299999999999999,0.5299999999999999,NA,7
6,காட்டவந்த,0.93,0.9549999999999998,NA,9
2,ஆசித்த,0.74,0.74,NA,6
4,அயலவ,0.5525,0.545,NA,4
20,பேச,0.35649999999999993,0.34999999999999987,0.14124540048403258,3
9,பொறுக்க,0.43666666666666665,0.45000000000000007,NA,7
3,ஒட்டிய,0.6433333333333334,0.6300000000000003,NA,6
9,கருத,0.3177777777777779,0.33000000000000007,NA,4
24,கூற,0.3125,0.3,0.07979593538738565,3
7,நண்ப,0.35714285714285715,0.2899999999999998,NA,4
1,பேசிஇந்த,0.8500000000000001,0.8500000000000001,NA,8
10,அன்ன,0.4029999999999999,0.3999999999999999,NA,4
5,இழந்த,0.5660000000000001,0.56,NA,5
3,ஓங்கிய,0.5833333333333334,0.59,NA,6
19,ரொம்ப,0.6363157894736843,0.32999999999999996,NA,5
2,கண்படைத்த,0.86,0.86,NA,9
4,அழுந்துக,0.74,0.7649999999999997,NA,8
12,ஆவ,0.3333333333333334,0.3350000000000002,NA,2
3,நண்பர்களாக,1.11,0.9100000000000001,NA,10
3,பாழான,0.6,0.5999999999999999,NA,5
3,சஞ்ச,0.3733333333333333,0.3900000000000001,NA,4
3,ரிக்க,0.5233333333333334,0.5,NA,5
6,அதிக,0.3216666666666667,0.335,NA,4
3,பூப்போன்ற,0.7233333333333333,0.75,NA,9
5,விழித்த,0.49000000000000005,0.49,NA,7
5,றென்ற,0.492,0.43999999999999995,NA,5
6,உடுத்த,0.5066666666666667,0.4950000000000001,NA,6
1,எழுங்காத,1.0200000000000002,1.0200000000000002,NA,8
16,வாழ,0.3675,0.375,NA,3
3,சுருங்கிய,1.0433333333333332,0.8500000000000001,NA,9
2,வெற்றிடமாக,0.825,0.825,NA,10
3,தலையாய,0.7266666666666667,0.7300000000000001,NA,6
20,தமிழென்ற,0.6915,0.675,0.12478507839270563,8
8,கல்யாண,0.5175,0.5549999999999999,NA,6
14,காக்க,0.4557142857142856,0.48,NA,5
2,அடைந்திட்ட,0.71,0.71,NA,10
3,தளைமீற,0.8466666666666667,0.77,NA,6
6,மொய்த்த,0.5566666666666668,0.5850000000000001,NA,7
3,புத்த,0.34333333333333343,0.3500000000000001,NA,5
9,தாழ்ந்த,0.5366666666666666,0.53,NA,7
2,பழக்க,0.5299999999999999,0.5299999999999999,NA,5
14,ஏற்ற,0.602857142857143,0.4949999999999999,NA,4
2,செவிக்குணவில்லாத,1.33,1.33,NA,16
2,தென்புள்ள,0.7350000000000001,0.7350000000000001,NA,9
4,திகழ்கின்ற,0.7575000000000001,0.7550000000000001,NA,10
3,திரிகூட,0.5666666666666665,0.5499999999999998,NA,7
3,ராசப்ப,0.5833333333333335,0.5800000000000001,NA,6
3,வாடிய,0.5933333333333334,0.69,NA,5
17,தக்க,0.4235294117647059,0.3899999999999999,NA,4
3,யுரைத்திட,0.5666666666666668,0.6000000000000001,NA,9
6,குள்ள,0.4666666666666666,0.47,NA,5
2,உணவுண்ண,0.7349999999999999,0.7349999999999999,NA,7
2,மறுதார,0.375,0.375,NA,6
5,சில,0.372,0.3700000000000001,NA,3
2,வரப்பெடுத்த,0.8400000000000002,0.8400000000000002,NA,11
2,ஊளையிட்ட,0.6200000000000001,0.6200000000000001,NA,8
3,வசப்பட,0.5766666666666668,0.5900000000000001,NA,6
3,உயர்ந்திட,0.63,0.5700000000000001,NA,9
3,யாம்பெற்ற,0.7766666666666667,0.76,NA,9
3,சத்தான,0.6733333333333333,0.71,NA,6
3,அமிழ்த,0.49000000000000005,0.43000000000000016,NA,6
2,கிணத்துல,0.6400000000000001,0.6400000000000001,NA,8
2,அடர்த்தியான,0.6949999999999998,0.6949999999999998,NA,11
3,அமைந்த,0.5266666666666668,0.52,NA,6
1,கிடக்கு',0.6100000000000001,0.6100000000000001,NA,8
19,வர,0.2131578947368421,0.20000000000000018,NA,2
3,பரத,0.5733333333333334,0.5500000000000003,NA,3
5,படிமேல,0.678,0.67,NA,6
2,உருவாகின்றன,1.1099999999999999,1.1099999999999999,NA,11
4,மிஞ்சிய,0.5350000000000001,0.53,NA,7
2,இசைகிடந்த,0.9099999999999999,0.9099999999999999,NA,9
6,அழகான,0.6316666666666667,0.665,NA,5
8,போட,0.33875000000000005,0.375,NA,3
26,கொள்ள,0.5003846153846154,0.395,0.37600511453149954,5
4,இட்ட,0.4650000000000001,0.4550000000000002,NA,4
2,புரிகின்ற,0.58,0.58,NA,9
18,ஏற,0.3811111111111111,0.38000000000000006,NA,2
8,சிறந்த,0.5687499999999999,0.5350000000000001,NA,6
2,பேடகன்ற,0.8200000000000001,0.8200000000000001,NA,7
3,பெற்றவ,0.5033333333333333,0.5,NA,6
3,ருக்கெஜ,0.45666666666666655,0.5099999999999998,NA,7
2,ஒத்திருந்த,0.9900000000000002,0.9900000000000002,NA,10
3,புவிக்கவ,0.7666666666666666,0.79,NA,8
3,குன்றின,0.6233333333333334,0.6600000000000001,NA,7
6,தாங்காத,0.725,0.725,NA,7
3,எந்தெந்த,0.6499999999999999,0.63,NA,8
3,எதுநல்ல,0.6300000000000002,0.6400000000000001,NA,7
3,யாங்கண்ட,0.6366666666666666,0.6499999999999999,NA,8
3,மண்டைசுழ,0.85,0.92,NA,8
4,சார்ந்த,0.685,0.7050000000000001,NA,7
2,வளமையற்ற,0.8200000000000001,0.8200000000000001,NA,8
8,சுட்ட,0.3875,0.39500000000000013,NA,5
8,வட,0.3012500000000001,0.26000000000000023,NA,2
3,துகிலென,0.5533333333333332,0.54,NA,7
3,உன்னத,0.6366666666666666,0.5499999999999999,NA,5
1,இம,0.6200000000000001,0.6200000000000001,NA,2
2,மூத்த,0.6250000000000001,0.6250000000000001,NA,5
4,தேர்ந்த,0.515,0.5200000000000002,NA,7
10,எதிர்த்த,0.6040000000000001,0.5800000000000002,NA,8
8,ஓடிவந்த,0.67375,0.6499999999999998,NA,7
3,மின்னாத,0.7266666666666667,0.6600000000000001,NA,7
3,அழகாக,0.6699999999999999,0.6499999999999999,NA,5
13,சேர,0.3976923076923077,0.43,NA,3
2,பெண்களுட,0.5300000000000001,0.5300000000000001,NA,8
2,யடைந்திட,0.6399999999999999,0.6399999999999999,NA,8
2,நீர்நிரப,0.565,0.565,NA,8
12,என்ப,0.6291666666666668,0.41,NA,4
5,நிறுத்த,0.9179999999999999,0.6400000000000001,NA,7
3,எனக்கிருப்ப,0.71,0.6799999999999999,NA,11
5,தவறான,0.502,0.5,NA,5
2,தருக்க,0.395,0.395,NA,6
2,கருத்தையடைய,0.8700000000000001,0.8700000000000001,NA,11
2,மீந்த,0.49000000000000005,0.49000000000000005,NA,5
12,சொந்த,0.575,0.5699999999999998,NA,5
3,தணியாத,0.66,0.6099999999999999,NA,6
3,பெற்றிஎன்க,0.7633333333333333,0.8500000000000001,NA,10
9,ஒப்ப,0.3188888888888887,0.31000000000000005,NA,4
3,பொற்புள்ள,0.7733333333333334,0.8300000000000001,NA,9
4,கனிந்த,0.5974999999999999,0.565,NA,6
10,சிங்க,0.497,0.44500000000000006,NA,5
2,நாடக,0.3450000000000001,0.3450000000000001,NA,4
2,தாபித்த,0.78,0.78,NA,7
15,ஏன,0.30600000000000005,0.28,NA,2
4,கம்மிய,0.4625,0.43,NA,6
36,இருக்க,0.55,0.43500000000000005,0.3882414565337253,6
2,ஆகாயகங்கை',1.1,1.1,NA,11
2,போங்க,0.5249999999999999,0.5249999999999999,NA,5
14,இப்ப,0.31071428571428567,0.275,NA,4
7,வாராத,0.66,0.6499999999999999,NA,5
2,சஞ்சல,0.6050000000000001,0.6050000000000001,NA,5
3,தீதற,0.58,0.5799999999999998,NA,4
3,புனைய,0.43,0.45999999999999996,NA,5
9,எண்ணிய,0.6233333333333333,0.52,NA,6
2,அடைத,0.25,0.25,NA,4
4,அங்குள்ள,0.53,0.535,NA,8
2,மணமிக்க,0.65,0.65,NA,7
2,மதிமிக்க,0.5699999999999998,0.5699999999999998,NA,8
5,அடித்த,0.42200000000000004,0.41999999999999993,NA,6
5,எண்பொருள,0.6280000000000001,0.64,NA,8
2,விளையாடுறாங்க,1.06,1.06,NA,13
2,நேர்பட,0.925,0.925,NA,6
3,லேயுள்ள,0.82,0.8400000000000003,NA,7
2,போர்த்த,0.4950000000000001,0.4950000000000001,NA,7
4,நாளைய,0.625,0.6699999999999999,NA,5
2,தாழ்வடைய,0.7749999999999999,0.7749999999999999,NA,8
3,கைபோல,0.7233333333333333,0.7799999999999998,NA,5
5,பொல்லாத,0.628,0.66,NA,7
2,மறமென்ற,0.7349999999999999,0.7349999999999999,NA,7
2,மதியாத,0.6950000000000003,0.6950000000000003,NA,6
3,சூரிய,0.5166666666666667,0.5300000000000002,NA,5
5,பேத,0.388,0.3999999999999999,NA,3
8,மற,0.37249999999999994,0.33999999999999986,NA,2
2,ஏற்க,0.30000000000000004,0.30000000000000004,NA,4
8,அஞ்ச,0.6287499999999999,0.41000000000000014,NA,4
7,பிறந்த,0.5428571428571427,0.5199999999999998,NA,6
9,விஜய,0.6077777777777779,0.54,NA,4
3,பிடிக்க,0.5766666666666667,0.5699999999999998,NA,7
2,தான்என்ன,0.9600000000000001,0.9600000000000001,NA,8
4,முளைத்த,0.635,0.645,NA,7
7,தெளிந்த,0.5942857142857143,0.6099999999999999,NA,7
11,கொஞ்ச,0.3972727272727272,0.3700000000000001,NA,5
3,குடித்துவிட,0.8133333333333334,0.7800000000000002,NA,11
2,மின்னுகின்ற,0.825,0.825,NA,11
7,நிகர்த்த,0.6985714285714285,0.6700000000000002,NA,8
3,ஆக்கப்பட்ட,0.8033333333333332,0.81,NA,10
3,இதிலென்ன,0.5533333333333335,0.56,NA,8
2,இசைமிக்க,0.7850000000000001,0.7850000000000001,NA,8
5,ஈடற்ற,0.7940000000000002,0.88,NA,5
4,தீய,0.4075000000000001,0.40000000000000013,NA,3
2,இணைந்த,1.5600000000000003,1.5600000000000003,NA,6
4,அடைகின்ற,0.7525000000000001,0.77,NA,8
2,அன்பென்ற,0.73,0.73,NA,8
2,அதைமிக்க,0.715,0.715,NA,8
2,அறிவிக்க,0.57,0.57,NA,8
6,இல்லாத,0.6116666666666667,0.5649999999999998,NA,6
19,வெள்ள,0.42315789473684223,0.3600000000000003,NA,5
2,திடுவ,0.345,0.345,NA,5
3,நிலைகொண்ட,0.6766666666666666,0.71,NA,9
3,நிகரற்ற,0.5799999999999998,0.5699999999999998,NA,7
3,சமுத்திர,0.58,0.56,NA,8
6,எறிந்த,0.535,0.51,NA,6
7,தொடர்ந்த,0.8214285714285714,0.7999999999999998,NA,8
2,இரக்கமற்ற,1.835,1.835,NA,9
2,திக்கின்ற,0.7150000000000001,0.7150000000000001,NA,9
33,செய்த,0.5081818181818182,0.48,0.13077783034249688,5
2,சுமந்துபெற்ற,0.9249999999999999,0.9249999999999999,NA,12
9,மந்திர,0.5133333333333333,0.45999999999999996,NA,6
4,சொன்ன,0.66,0.7,NA,5
2,உற்ற,0.3600000000000001,0.3600000000000001,NA,4
19,செய,0.35210526315789475,0.33999999999999986,NA,3
2,வசமிழந்த,0.7849999999999999,0.7849999999999999,NA,8
3,வெப்ப,0.42666666666666675,0.4600000000000001,NA,5
2,உன்னதமான,1.1749999999999998,1.1749999999999998,NA,8
2,லட்சியத்துக்காக,1.3,1.3,NA,15
2,ஓமண,0.39,0.39,NA,3
2,இச்சையுற,0.845,0.845,NA,8
2,கேஎடுத்த,0.825,0.825,NA,8
1,திறமான,0.54,0.54,NA,6
53,கொண்ட,0.4162264150943396,0.39,0.12750907079489773,5
17,எழுந்த,0.5358823529411765,0.5299999999999998,NA,6
3,செத்துவிட்ட,0.7666666666666666,0.74,NA,11
3,இராஜ,0.5066666666666667,0.5,NA,4
9,செய்க,0.5288888888888889,0.5,NA,5
5,லிருந்த,0.682,0.5900000000000003,NA,7
11,பார்த்த,0.4936363636363636,0.51,NA,7
1,புற்றெடுத்த,0.8400000000000001,0.8400000000000001,NA,11
4,யுடைய,0.5925,0.635,NA,5
2,கண்ணாக,0.81,0.81,NA,6
2,நெஞ்சார,0.7849999999999999,0.7849999999999999,NA,7
2,கொண்டுள்ள,0.655,0.655,NA,9
3,இறக்கின்ற,0.9199999999999998,0.9900000000000002,NA,9
2,ஆர,0.4049999999999999,0.4049999999999999,NA,2
2,கல்லென,0.65,0.65,NA,6
2,வளம்பெற,0.6749999999999999,0.6749999999999999,NA,7
9,நிறைந்த,0.6499999999999999,0.6200000000000001,NA,7
3,உயிர்அதிர்ந்த,1.1466666666666667,1.12,NA,13
3,நிற்கிறாய்',0.7633333333333333,0.7300000000000002,NA,11
2,எமையிழுத்த,0.7249999999999999,0.7249999999999999,NA,10
2,நாரத,0.585,0.585,NA,4
2,கான,0.4800000000000001,0.4800000000000001,NA,3
3,நீஒப்ப,0.7466666666666669,0.7400000000000002,NA,6
4,ஆச்சரிய,0.6525000000000001,0.6250000000000001,NA,7
2,முந்துள்ள,0.635,0.635,NA,9
2,இவையென்ற,0.7549999999999999,0.7549999999999999,NA,8
2,முறையுள்ள,0.9100000000000001,0.9100000000000001,NA,9
2,பேசிய,0.4999999999999999,0.4999999999999999,NA,5
10,தூய,0.396,0.38,NA,3
1,மத்திய,0.5299999999999998,0.5299999999999998,NA,6
3,துணைக்கோளான,0.8266666666666667,0.8399999999999999,NA,11
2,தறியாத,0.765,0.765,NA,6
3,எனக்கேட்ட,0.6866666666666666,0.69,NA,9
1,புல்லிய,0.54,0.54,NA,7
2,தடித்த,0.5550000000000002,0.5550000000000002,NA,6
4,புரிக,0.6775,0.7050000000000001,NA,5
5,சிறிய,0.5219999999999999,0.5299999999999998,NA,5
2,குறிப்பிட்ட,0.9849999999999999,0.9849999999999999,NA,11
3,விளக்கல்ல,0.77,0.69,NA,9
22,விளக்க,0.4945454545454547,0.4600000000000001,0.19195057083796765,6
3,வகுத்த,0.7666666666666666,0.6299999999999999,NA,6
2,றமைந்த,0.6649999999999999,0.6649999999999999,NA,6
20,கிடந்த,0.5024999999999998,0.5,0.11929066668392271,6
2,சுவையறிந்த,1.1549999999999998,1.1549999999999998,NA,10
7,சின்ன,0.4342857142857143,0.43000000000000005,NA,5
2,பேச்சறிய,0.75,0.75,NA,8
3,தனிப்பட்ட,0.6733333333333333,0.7000000000000001,NA,9
2,எதிர்பார்த்த,0.8999999999999999,0.8999999999999999,NA,12
2,நெற்சேர,0.78,0.78,NA,7
2,தேநட,0.5550000000000002,0.5550000000000002,NA,4
3,ஆம்புலன்ஸ,0.7599999999999999,0.71,NA,9
2,வீறிட்ட,0.7450000000000001,0.7450000000000001,NA,7
6,நாமாக,0.5133333333333333,0.49,NA,5
2,பணியல்ல,0.8099999999999998,0.8099999999999998,NA,7
2,கேட்டுட்டீங்க,1.14,1.14,NA,13
5,கழுத்த,0.5900000000000001,0.6099999999999999,NA,6
3,எத்தனைஈ,0.6700000000000003,0.6500000000000001,NA,7
7,சொல்லிய,0.5371428571428573,0.5200000000000002,NA,7
2,தேடிய,0.5899999999999999,0.5899999999999999,NA,5
7,விடிய,0.4657142857142857,0.4700000000000001,NA,5
3,தொலைந்தன,0.7133333333333334,0.69,NA,8
3,வண்ண,0.49000000000000005,0.41000000000000003,NA,4
2,நூறாக,0.6499999999999999,0.6499999999999999,NA,5
2,கலகல,0.575,0.575,NA,4
2,சேர்ந்தன,0.7849999999999999,0.7849999999999999,NA,8
2,விதமேயுன,1.105,1.105,NA,8
3,குருட,0.26333333333333325,0.26,NA,5
6,வைக்க,0.425,0.41999999999999993,NA,5
2,கொதிக்க,0.7950000000000002,0.7950000000000002,NA,7
2,குளிர்ந்த,0.5700000000000001,0.5700000000000001,NA,9
16,கெட்ட,0.5706249999999999,0.5999999999999999,NA,5
2,ஒழிந்துள்ள,0.655,0.655,NA,10
2,விளைந்தஉன,0.83,0.83,NA,9
3,வதங்கிய,0.5299999999999999,0.56,NA,7
2,வருவாங்க,0.88,0.88,NA,8
3,தெரிந்துகொள்ள,0.8233333333333333,0.77,NA,13
3,விடுக்க,0.5900000000000003,0.6100000000000003,NA,7
3,கயவர்கூட்ட,0.9533333333333335,0.99,NA,10
2,உருப்பட,0.34499999999999986,0.34499999999999986,NA,7
3,சூழ்ந்திட்ட,0.8333333333333334,0.8300000000000001,NA,11
2,கனைத்திட,0.655,0.655,NA,8
2,உத்தர,0.47,0.47,NA,5
2,மதுப்ப,0.43000000000000016,0.43000000000000016,NA,6
3,னியைந்த,0.7566666666666668,0.8200000000000001,NA,7
4,வருகின்ற,0.7949999999999999,0.6499999999999999,NA,8
23,பல,0.32391304347826083,0.36999999999999966,0.13006079454116776,2
3,மேற்காக,0.7000000000000001,0.71,NA,7
7,வாழ்ந்த,0.48571428571428577,0.5,NA,7
2,சதிபுரிந்த,1.0399999999999998,1.0399999999999998,NA,10
3,இழக்க,0.71,0.5699999999999998,NA,5
2,நனவிலுள்ள,0.72,0.72,NA,9
2,மறைக்க,0.48,0.48,NA,6
3,கைப்பந்தென,0.85,0.8899999999999999,NA,10
7,உங்க,0.32714285714285724,0.33000000000000007,NA,4
7,இடத்தில,0.6757142857142858,0.6399999999999999,NA,7
3,வீட்ல,0.4333333333333334,0.40000000000000013,NA,5
10,பார்க்க,0.5459999999999999,0.3949999999999999,NA,7
3,வந்தாங்க,0.6633333333333332,0.7399999999999998,NA,8
6,உதார,0.47500000000000003,0.4900000000000001,NA,4
2,தாழ்வகற்ற,0.995,0.995,NA,9
3,பொதுவாக,0.49666666666666665,0.5800000000000001,NA,7
3,மெய்த்திற,0.8166666666666665,0.8800000000000001,NA,9
2,தயைமிக,0.5399999999999998,0.5399999999999998,NA,6
3,தெள்ளுற்ற,0.9433333333333332,0.7399999999999999,NA,9
5,கருத்த,0.466,0.49,NA,6
5,காத,0.374,0.3600000000000003,NA,3
2,மெய்சோர்ந்த,1.065,1.065,NA,11
3,முகநக,0.5566666666666666,0.57,NA,5
3,அகநக,0.5433333333333334,0.54,NA,4
4,வரக்கண்ட,0.8174999999999999,0.8249999999999998,NA,8
4,செத்த,0.5700000000000001,0.5,NA,5
2,மாற்றிய,0.635,0.635,NA,7
2,னால்செய்த,1.88,1.88,NA,9
2,கிவ்வித,0.405,0.405,NA,7
6,அற,0.2399999999999999,0.24999999999999978,NA,2
2,நடக்கிற,1.495,1.495,NA,7
2,பணம்என்ற,0.91,0.91,NA,8
3,கருமவினை',0.9566666666666667,0.9899999999999998,NA,10
3,தலைவிதியென,0.7033333333333333,0.71,NA,10
3,நான்நினைத்த,1.11,1.0299999999999998,NA,11
3,மணமக,0.5300000000000001,0.55,NA,4
3,பிணமக,0.4133333333333333,0.3900000000000001,NA,5
2,எளிதென்ப,0.6149999999999999,0.6149999999999999,NA,8
5,வழக்க,0.46799999999999986,0.4500000000000002,NA,5
2,வழிசெய்வ,0.8649999999999998,0.8649999999999998,NA,8
2,மறைவ,0.5449999999999999,0.5449999999999999,NA,4
2,மெத்த,0.52,0.52,NA,5
5,ஒரீஇ,0.6900000000000001,0.6199999999999997,NA,4
4,குவிந்த,0.59,0.5699999999999998,NA,7
3,தேக்கிய,0.66,0.6199999999999999,NA,7
3,ஓம்புக,0.6499999999999999,0.6000000000000001,NA,6
3,திருந்தாத,0.68,0.71,NA,9
2,குறுகத்தரித்த,0.9850000000000003,0.9850000000000003,NA,13
2,புனல்நிறைந்த,0.905,0.905,NA,12
3,ஈதென்ன,0.62,0.5800000000000001,NA,6
3,இழைத்துணர்ந்தீண்டிய,1.576666666666667,1.4300000000000006,NA,19
2,பேசிடுக,0.8200000000000001,0.8200000000000001,NA,7
3,கவர்வன,1.1199999999999999,0.6400000000000001,NA,6
2,பின்நடந்த,0.8749999999999998,0.8749999999999998,NA,9
3,நாக்குளிர,0.7766666666666667,0.7999999999999998,NA,9
3,அலம்பாத,0.7433333333333332,0.7899999999999998,NA,7
8,ஓட,0.28750000000000003,0.30499999999999994,NA,2
3,தோம்நல்ல,0.6366666666666666,0.64,NA,8
3,சொல்லுங்க,0.6133333333333334,0.49,NA,9
2,எமனாக,0.6,0.6,NA,5
2,என்றுரைத்த,0.8450000000000001,0.8450000000000001,NA,10
3,தனியிருந்த,0.7933333333333333,0.75,NA,10
7,நீங்கிய,0.7999999999999999,0.7200000000000001,NA,7
3,பூஷ,0.24666666666666667,0.24,NA,3
5,பெற்றெடுத்த,0.818,0.75,NA,11
8,திருப்ப,0.39625000000000005,0.3950000000000001,NA,7
2,ஊரிலுள்ள,0.725,0.725,NA,8
5,அஞ்சாத,0.752,0.76,NA,6
6,கிழவ,0.40499999999999997,0.44500000000000006,NA,4
3,லாவ,0.38666666666666666,0.31000000000000005,NA,3
3,சிவந்த,0.6433333333333332,0.62,NA,6
3,பயன்பட,1.0666666666666667,0.5999999999999999,NA,6
1,காலில்விழ,0.6499999999999999,0.6499999999999999,NA,9
5,இருந்ததால,0.73,0.8499999999999999,NA,9
3,வெடுக்கென,0.6266666666666667,0.6000000000000001,NA,9
20,வைத்த,0.5144999999999998,0.49500000000000005,0.1755135322418189,5
2,அமைந்தன,0.625,0.625,NA,7
2,துயர்ப்பட,0.745,0.745,NA,9
3,ஏ,0.2966666666666666,0.32000000000000006,NA,1
3,வசப்படுத்த,0.8433333333333334,0.84,NA,10
3,கொஞ்சுகின்ற,0.66,0.7000000000000002,NA,11
2,ரியன்வாழ்க,0.81,0.81,NA,10
5,இயம்ப,0.3960000000000001,0.3700000000000001,NA,5
8,கட்டிய,0.8625,0.535,NA,6
3,காலிட,0.5566666666666668,0.5900000000000003,NA,5
2,உலகாளஉ,0.8600000000000001,0.8600000000000001,NA,6
2,னதுதாய்மிக,0.7949999999999999,0.7949999999999999,NA,10
3,தின்ற,0.5700000000000002,0.6200000000000001,NA,5
2,முகத்துல,0.55,0.55,NA,8
4,வளர்த்த,0.56,0.4800000000000001,NA,7
3,தல்கொடுக்க,0.8733333333333334,0.8500000000000001,NA,10
3,விளங்குகின்ற,1.08,0.9500000000000001,NA,12
2,ஆய்விட்ட,0.6899999999999997,0.6899999999999997,NA,8
2,உங்களுடைய,0.74,0.74,NA,9
2,வாய்ந்திடுக,1.29,1.29,NA,11
3,போயின,0.556666666666667,0.6200000000000001,NA,5
16,அழகிய,0.554375,0.5449999999999999,NA,5
10,கொள்க,0.48,0.4,NA,5
1,ஒப்படைத்த,0.81,0.81,NA,9
3,வேண்டுமிந்த,0.9900000000000001,1.0400000000000003,NA,11
3,மாடுக,0.5133333333333333,0.54,NA,5
7,இங்குள்ள,0.7385714285714285,0.72,NA,8
2,அசைக்க,0.44999999999999996,0.44999999999999996,NA,6
2,லாம்என்ன,0.895,0.895,NA,8
3,சுகித்திருக்க,0.91,1.0499999999999998,NA,13
2,ஒத்த,0.22999999999999993,0.22999999999999993,NA,4
3,தளர்ந்த,0.49333333333333323,0.5099999999999998,NA,7
2,அழிப்ப,0.4800000000000002,0.4800000000000002,NA,6
3,தந்திட,0.5466666666666666,0.5,NA,6
6,அலாதன,0.6683333333333334,0.625,NA,5
2,கனத்திருந்த,1.335,1.335,NA,11
5,வேண்டிய,0.632,0.6299999999999999,NA,7
2,ஓடப்ப,0.595,0.595,NA,5
3,பெற்றுணர்ந்த,0.9833333333333333,0.96,NA,12
3,சாரற்ற,0.7333333333333333,0.78,NA,6
2,நெறி',0.705,0.705,NA,6
3,அறிவுபெற்ற,0.7466666666666666,0.6799999999999999,NA,10
3,ஆழி',0.7400000000000001,0.6699999999999999,NA,5
3,தூண்ட,0.6066666666666668,0.6300000000000003,NA,5
8,சிற்சில,0.7599999999999999,0.69,NA,7
5,கிடந்திட்ட,0.8699999999999999,1.0199999999999998,NA,10
9,பட்ட,0.3688888888888888,0.39999999999999947,NA,4
8,நிற்க,0.585,0.595,NA,5
4,முத்த,0.36750000000000005,0.385,NA,5
4,உஸ்என்ற,0.6325000000000001,0.6150000000000001,NA,7
2,அஸ்என்ற,0.6199999999999998,0.6199999999999998,NA,7
3,அடைய,0.2766666666666666,0.26,NA,4
3,தீதற்ற,0.6133333333333333,0.62,NA,6
3,பணிதந்த,0.7399999999999999,0.72,NA,7
3,தமிழ்வாழ்க,0.6633333333333332,0.6799999999999999,NA,10
2,ஆழ்ந்திருந்த,0.845,0.845,NA,12
3,எதிரொளிக்கக்கூடிய,1.1733333333333331,1.23,NA,17
8,நம்ப,0.3137499999999999,0.3149999999999997,NA,4
5,ஆர்ந்த,0.652,0.6200000000000001,NA,6
3,குறிதவ,0.5866666666666666,0.6299999999999999,NA,6
1,மைஎன,0.8699999999999999,0.8699999999999999,NA,4
2,தவிர்க்கவந்த,0.8999999999999998,0.8999999999999998,NA,12
4,கந்த,0.3549999999999999,0.33999999999999997,NA,4
2,பொருந்திடுக,0.9049999999999998,0.9049999999999998,NA,11
2,கிளிய,0.32,0.32,NA,5
3,பெயர்தந்த,0.6733333333333333,0.73,NA,9
4,கூட்ட,0.4349999999999999,0.43499999999999994,NA,5
4,காற்றடித்த,0.895,0.9250000000000002,NA,10
2,தானொழுக,0.6200000000000001,0.6200000000000001,NA,7
2,பணமென்ற,0.7150000000000001,0.7150000000000001,NA,7
2,பலமென்ற,0.7299999999999999,0.7299999999999999,NA,7
3,விளைந்திட,0.5766666666666665,0.5799999999999998,NA,9
2,நெய்துவைத்த,0.92,0.92,NA,11
5,கலாப,0.4280000000000001,0.47999999999999976,NA,4
6,ஆதரிக்க,0.605,0.5750000000000001,NA,7
3,அனுப்பிய,0.8033333333333333,0.6200000000000001,NA,8
2,சீறுகின்ற,0.9,0.9,NA,9
3,தூர,0.24999999999999992,0.22999999999999998,NA,3
4,விரிகின்ற,0.8300000000000001,0.8400000000000001,NA,9
2,கண்டெழுத,0.675,0.675,NA,8
3,தாழ்வான,0.6166666666666667,0.61,NA,7
4,திடுக்கென,0.515,0.51,NA,9
7,வருக,0.38999999999999996,0.3799999999999999,NA,4
2,மாடல்ல,0.6900000000000002,0.6900000000000002,NA,6
7,நினைத்த,0.5514285714285715,0.5700000000000001,NA,7
5,வேண்டாத,0.608,0.5899999999999999,NA,7
3,துறக்கமென,0.7166666666666668,0.6400000000000001,NA,9
3,நினைச்சுக்கல,0.8833333333333334,0.8800000000000001,NA,12
1,என்றந்த,0.9799999999999995,0.9799999999999995,NA,7
2,விட்டன,0.41999999999999993,0.41999999999999993,NA,6
5,உயரமான,0.6780000000000002,0.6700000000000002,NA,6
3,காற்றென,0.5666666666666668,0.56,NA,7
3,தலையாகிய,0.8566666666666666,0.8599999999999999,NA,8
2,துணிந்த,0.5449999999999999,0.5449999999999999,NA,7
3,பொதுமையாக,0.9633333333333335,0.9000000000000001,NA,9
2,ஏமாந்த,0.665,0.665,NA,6
2,அங்குரைத்த,0.6600000000000001,0.6600000000000001,NA,10
3,வலிவற்ற,0.7399999999999999,0.75,NA,7
3,நடவுசெய்த,1.3066666666666664,0.97,NA,9
3,திரிந்த,0.6166666666666667,0.6999999999999997,NA,7
2,தனித்தமைந்த,0.9149999999999999,0.9149999999999999,NA,11
3,குற்றமல்ல,0.8433333333333336,0.8200000000000003,NA,9
2,வளர்ப்பன,0.5650000000000001,0.5650000000000001,NA,8
3,நீர்என்ற,0.7333333333333334,0.6900000000000002,NA,8
3,பயன்மிக்க,0.6300000000000001,0.5900000000000001,NA,9
3,திராவிட,0.5433333333333334,0.54,NA,7
3,அடித்தளம்',0.62,0.55,NA,10
2,விரிவ,0.32000000000000006,0.32000000000000006,NA,5
2,சங்கம,0.6200000000000001,0.6200000000000001,NA,5
3,சன்னத்த,0.82,0.8099999999999999,NA,7
2,இளைய,0.38999999999999996,0.38999999999999996,NA,4
5,ஆ,0.2800000000000001,0.31000000000000005,NA,1
3,செவ்வையுற,0.8033333333333333,0.75,NA,9
6,பாடிய,0.43,0.43999999999999984,NA,5
2,ஆற்றாத,0.7000000000000001,0.7000000000000001,NA,6
14,கொன்ற,0.43071428571428566,0.4049999999999999,NA,5
2,அக்கால,0.705,0.705,NA,6
2,கவலைப்படாதீங்க,2.08,2.08,NA,14
3,விமரிசையாக,0.7666666666666667,0.8400000000000003,NA,10
2,பரக்க,0.44499999999999984,0.44499999999999984,NA,5
2,புரிவ,0.29500000000000004,0.29500000000000004,NA,5
2,தேச,0.3600000000000001,0.3600000000000001,NA,3
2,மற்றுள்ள,0.5650000000000001,0.5650000000000001,NA,8
12,விளையாட,0.5525000000000001,0.5700000000000001,NA,7
2,வெடிப்ப,0.44000000000000006,0.44000000000000006,NA,7
3,புகழ்மிக்க,0.6933333333333334,0.6699999999999999,NA,10
2,மற்றைய,0.6000000000000005,0.6000000000000005,NA,6
8,பிற,0.4149999999999999,0.47999999999999976,NA,3
6,ஆகாத,0.6183333333333333,0.665,NA,4
2,உலகம்',0.32,0.32,NA,6
3,முறிந்த,0.6166666666666667,0.5900000000000001,NA,7
3,ஓடுவ,0.40666666666666657,0.4099999999999999,NA,4
2,மகுடம்பூண,0.9,0.9,NA,9
2,அதற்கென்ன,0.7250000000000001,0.7250000000000001,NA,9
8,கின்ற,0.5125,0.5199999999999999,NA,5
3,நிருமித்த,0.7166666666666667,0.75,NA,9
2,மெய்சிலிர்க்க,0.935,0.935,NA,13
2,கொடிய,0.3599999999999999,0.3599999999999999,NA,5
3,போயொழிக,0.8133333333333335,0.8700000000000001,NA,7
2,ஏறாத,0.71,0.71,NA,4
2,பெண்படைத்த,0.835,0.835,NA,10
3,கலையென்ற,0.7666666666666666,0.7699999999999999,NA,8
3,கரைகண்ட,0.7066666666666669,0.6600000000000001,NA,7
5,சூழப்பட்ட,0.712,0.7000000000000002,NA,9
2,ஈந்திட,0.655,0.655,NA,6
3,பசித்த,0.5266666666666667,0.52,NA,6
2,தெரிய,0.44999999999999996,0.44999999999999996,NA,5
2,யடித்திட்ட,0.855,0.855,NA,10
2,விளங்கிய,0.4950000000000001,0.4950000000000001,NA,8
2,துணைவேந்தராக,0.815,0.815,NA,12
3,செய்வதற்காக,0.87,0.9199999999999999,NA,11
2,எம்எல்ஏ,0.7999999999999998,0.7999999999999998,NA,7
4,ஒழுக்க,0.4125000000000001,0.41500000000000015,NA,6
2,தோற்பன,0.795,0.795,NA,6
2,ஏழைய,0.5549999999999999,0.5549999999999999,NA,4
2,ஒன்றாக,0.765,0.765,NA,6
3,தமிழ்வெல்க,0.9333333333333332,0.9299999999999999,NA,10
10,புரிந்த,0.575,0.5650000000000001,NA,7
2,மேற்கொண்ட,0.9699999999999995,0.9699999999999995,NA,9
5,வஞ்சக,0.5599999999999999,0.5499999999999999,NA,5
3,புண்ணிய,0.48,0.49,NA,7
3,தூளாக,0.7433333333333331,0.7299999999999995,NA,5
4,தூங்க,0.4575,0.46999999999999986,NA,5
2,வந்தந்த,0.655,0.655,NA,7
6,அவனுடைய,0.68,0.6500000000000001,NA,7
3,விலாப்புடைக்க,0.8533333333333334,0.8599999999999999,NA,13
3,இருக்குற,0.6366666666666666,0.6599999999999997,NA,8
5,அந்திய,0.504,0.4900000000000001,NA,6
2,மூடிய,0.38499999999999995,0.38499999999999995,NA,5
3,கற்புள்ள,0.6133333333333332,0.5899999999999999,NA,8
2,யுபடம்ருஎன்ற,1.965,1.965,NA,12
2,நினைவுவந்த,0.8749999999999998,0.8749999999999998,NA,10
2,தகதகென,0.685,0.685,NA,6
3,நான்செய்த,0.7533333333333334,0.77,NA,9
2,சாமார்த்திய,0.6799999999999999,0.6799999999999999,NA,11
2,தொகையாக,0.43500000000000005,0.43500000000000005,NA,7
3,பேர்வாய்ந்த,0.9,0.8500000000000001,NA,11
2,அனைவரிட,0.56,0.56,NA,7
2,இழைக்க,0.885,0.885,NA,6
2,இளிக்க,0.5,0.5,NA,6
6,விளங்க,0.61,0.6349999999999998,NA,6
2,சுகங்கண்ட,0.7949999999999999,0.7949999999999999,NA,9
3,பூவோட,0.6433333333333332,0.7100000000000001,NA,5
3,பேசாத,0.6766666666666667,0.69,NA,5
2,துரத்திவந்த,0.945,0.945,NA,11
2,ஏற்றுப,0.52,0.52,NA,6
2,இன்னம்யாம்',0.87,0.87,NA,11
2,ஒன்றல்ல,0.755,0.755,NA,7
2,பணிந்திடுவார,0.9649999999999999,0.9649999999999999,NA,12
10,சாவ,0.445,0.45999999999999996,NA,3
4,அடுக்கிய,0.72,0.73,NA,8
2,துணைதேட,0.665,0.665,NA,7
3,உயர்வான,0.6200000000000001,0.6000000000000001,NA,7
5,போலீஸ,0.5439999999999999,0.51,NA,5
3,நான்பெற்ற,0.7399999999999999,0.6999999999999997,NA,9
2,குளித்துவிட்ட,0.9299999999999997,0.9299999999999997,NA,13
2,வலப்புறமாக,1.1949999999999996,1.1949999999999996,NA,10
3,மலைகளென,0.6566666666666667,0.6600000000000001,NA,7
5,தொழிலாள,0.7220000000000001,0.6500000000000001,NA,7
2,செய்தற்கரிய,0.97,0.97,NA,11
3,யிருந்த,0.5233333333333333,0.5300000000000002,NA,7
3,இணங்கின,0.6299999999999999,0.5499999999999998,NA,7
5,கெடுக்க,0.44800000000000006,0.3899999999999999,NA,7
3,கரிய,0.42999999999999994,0.41999999999999993,NA,4
2,வீங்கிய,0.7350000000000001,0.7350000000000001,NA,7
2,துயருற,0.6549999999999997,0.6549999999999997,NA,6
4,சரியாக,0.5925,0.605,NA,6
3,ஏகமன,0.6699999999999999,0.6200000000000001,NA,4
2,போயுரைக்க,0.82,0.82,NA,9
3,ஒருக,0.27333333333333326,0.27,NA,4
2,யணமென்ற,0.9650000000000001,0.9650000000000001,NA,7
5,கொடுக்க,0.5219999999999999,0.5299999999999998,NA,7
2,பொதுவாக்க,0.7949999999999999,0.7949999999999999,NA,9
3,நடத்திவைத்த,1.17,1.21,NA,11
3,வணிகர்பல,0.7433333333333333,0.7700000000000002,NA,8
5,நிலைகெட்ட,0.6180000000000001,0.66,NA,9
1,கூடியுள்ள,0.76,0.76,NA,9
6,பல்குக,0.6099999999999999,0.5649999999999997,NA,6
3,ஊனெடுத்த,0.73,0.6599999999999999,NA,8
1,பழிக்க,0.6400000000000001,0.6400000000000001,NA,6
2,பழங்கல,0.6049999999999999,0.6049999999999999,NA,6
2,தேர்வாய்ந்த,0.9099999999999999,0.9099999999999999,NA,11
3,நேர்க,1.3166666666666667,0.5199999999999998,NA,5
2,குறுகிய,0.495,0.495,NA,7
2,மதியென,0.4550000000000001,0.4550000000000001,NA,6
3,நவையுடைய,0.86,0.8300000000000001,NA,8
3,தறுக்குடைய,0.7766666666666667,0.86,NA,10
3,அருமையாக,0.6033333333333332,0.5999999999999996,NA,8
5,இருந்தன,0.5280000000000001,0.6299999999999999,NA,7
3,கச்சணிந்த,0.6933333333333334,0.66,NA,9
3,மறக்க,0.5700000000000002,0.52,NA,5
2,பண்ணிய,0.485,0.485,NA,6
2,தொடுக்காத,1.1350000000000002,1.1350000000000002,NA,9
3,கழிக்கின்ற,0.8966666666666665,0.8999999999999999,NA,10
2,ஏஏஏ,1.115,1.115,NA,3
3,தீட்டுக,0.5299999999999999,0.5699999999999998,NA,7
3,நீர்நிறைந்த,1.0133333333333334,1.0100000000000002,NA,11
3,முடிவற்ற,0.7566666666666668,0.6900000000000002,NA,8
2,செயற்கரிய,0.8500000000000001,0.8500000000000001,NA,9
4,யாவுள,0.6099999999999999,0.6050000000000001,NA,5
2,வினைக்கரிய,0.8300000000000001,0.8300000000000001,NA,10
2,அதிர,0.395,0.395,NA,4
3,லோக,0.6366666666666666,0.7399999999999998,NA,3
2,நன்றிந்த,0.735,0.735,NA,8
3,எனக்கென்ன,0.8700000000000001,0.8500000000000001,NA,9
2,வேகமான,0.6599999999999999,0.6599999999999999,NA,6
3,அருளென்ன,0.7433333333333333,0.7100000000000001,NA,8
3,அறிவாள,0.6133333333333333,0.6400000000000001,NA,6
7,சென்னையில,0.6271428571428571,0.62,NA,9
10,படிந்த,0.6869999999999999,0.5650000000000001,NA,6
2,நல்லன,0.54,0.54,NA,5
5,கொவ்வாத,0.71,0.75,NA,7
3,பறிபோக,0.52,0.53,NA,6
3,விளைந்துள்ள,0.8066666666666666,0.81,NA,11
2,இவ்வுல,0.67,0.67,NA,6
2,குரிய,0.33499999999999996,0.33499999999999996,NA,5
6,எழுத,0.40333333333333327,0.3999999999999999,NA,4
2,கடவுளென்ற,0.8149999999999998,0.8149999999999998,NA,9
3,நான்பார்க்க,1.1600000000000001,1.0400000000000003,NA,11
3,வச்ச,0.49666666666666676,0.43000000000000016,NA,4
3,ஒன்றென்ப,0.5399999999999999,0.53,NA,8
3,துணர்வ,0.38999999999999996,0.3999999999999999,NA,6
1,மரகத,0.8200000000000001,0.8200000000000001,NA,4
5,கடந்த,0.4699999999999999,0.4899999999999999,NA,5
3,சுடவந்த,0.6633333333333334,0.5800000000000001,NA,7
2,கண்டிட,0.6699999999999999,0.6699999999999999,NA,6
2,ஒன்றுவிழ,0.6949999999999998,0.6949999999999998,NA,8
3,உன்னாத,0.6866666666666669,0.6700000000000004,NA,6
1,பசிக்க,0.7299999999999998,0.7299999999999998,NA,6
2,நமக்கினிய,0.6900000000000002,0.6900000000000002,NA,9
3,வசமாக,0.8233333333333333,0.8699999999999999,NA,5
2,அக்கிழ,0.465,0.465,NA,6
2,வர்பால்இந்த,1.0050000000000001,1.0050000000000001,NA,11
2,கண்மூடாத,1.185,1.185,NA,8
2,தின்றன,0.845,0.845,NA,6
1,மேலென,0.72,0.72,NA,5
3,மொய்த்தென்ன,0.7600000000000001,0.8000000000000003,NA,11
2,விட்டுவந்த,0.7849999999999999,0.7849999999999999,NA,10
2,கோதைஅ,0.7750000000000001,0.7750000000000001,NA,5
1,தீங்கற்ற,0.5700000000000001,0.5700000000000001,NA,8
3,எண்ணென்ப,0.7000000000000001,0.76,NA,8
3,எழுத்தென்ப,0.8633333333333333,0.9100000000000001,NA,10
3,கண்ணென்ப,0.5599999999999999,0.56,NA,8
2,சிறக்க,0.56,0.56,NA,6
3,அருள்புரிய,0.8300000000000001,0.9200000000000002,NA,10
2,எடுபட,0.5549999999999999,0.5549999999999999,NA,5
2,பாருங்க,0.7549999999999999,0.7549999999999999,NA,7
2,கண்டறிய,0.6849999999999999,0.6849999999999999,NA,7
3,செய்வன,0.5466666666666667,0.5399999999999999,NA,6
6,தமிழ்வளர்க,1.0733333333333333,1.005,NA,10
3,சூழ்ந்தெதிர்க்க,1.2033333333333334,1.04,NA,15
2,வளைத்துள்ள,0.7949999999999999,0.7949999999999999,NA,10
2,கடவுள்என்ற,0.8450000000000001,0.8450000000000001,NA,10
5,காலையில,0.616,0.62,NA,7
12,காண,0.3925,0.425,NA,3
3,கண்ணற்ற,0.6866666666666666,0.66,NA,7
5,மூட,0.28799999999999976,0.33999999999999986,NA,3
6,சரியான,0.7583333333333332,0.6399999999999999,NA,6
3,செஞ்சீங்க,0.6566666666666666,0.6199999999999997,NA,9
7,பாரத,0.5671428571428573,0.5199999999999999,NA,4
3,நீர்மிதந்த,0.9233333333333333,0.8900000000000001,NA,10
2,கொஞ்சுமிள,0.7250000000000001,0.7250000000000001,NA,9
3,அணியாத,0.7399999999999999,0.7999999999999999,NA,6
4,ஓடிய,0.4849999999999999,0.5499999999999998,NA,4
3,மீளாத,0.6499999999999999,0.65,NA,5
2,எலியாக,0.665,0.665,NA,6
2,முயலாக,0.7449999999999999,0.7449999999999999,NA,6
5,ததும்ப,0.422,0.43000000000000016,NA,6
2,பூரண,0.47000000000000003,0.47000000000000003,NA,4
3,சுடவ,0.59,0.56,NA,4
2,கடைத்தேற,0.7400000000000002,0.7400000000000002,NA,8
3,சுடர்தந்த,0.7633333333333333,0.79,NA,9
6,கரையில,0.48666666666666664,0.51,NA,6
2,நெறைய,0.4450000000000003,0.4450000000000003,NA,5
7,திருத்த,0.4585714285714286,0.45999999999999996,NA,7
1,எளிய,0.41000000000000014,0.41000000000000014,NA,4
2,காலியாக,0.6149999999999999,0.6149999999999999,NA,7
3,இலையிந்த,0.7100000000000001,0.7100000000000001,NA,8
3,இன்னாத,0.5766666666666665,0.5799999999999998,NA,6
2,பண்புள,0.5150000000000001,0.5150000000000001,NA,6
2,மருவுகின்ற,0.6949999999999998,0.6949999999999998,NA,10
2,விட்டெறிந்த,0.8,0.8,NA,11
2,கல்வியற்ற,0.7699999999999999,0.7699999999999999,NA,9
2,கண்டுபல,0.6799999999999999,0.6799999999999999,NA,7
3,சுதந்திர,0.5833333333333334,0.5700000000000001,NA,8
5,தின,0.2500000000000001,0.22999999999999998,NA,3
3,நாகாக்க,1.4033333333333333,1.4599999999999997,NA,7
2,வடிக்கின்ற,1.365,1.365,NA,10
4,வட்ட,0.37749999999999995,0.3999999999999999,NA,4
2,உலகம்என்ற,1.055,1.055,NA,9
3,அதுபெற்ற,0.6799999999999998,0.6399999999999997,NA,8
2,அடைக,0.43499999999999983,0.43499999999999983,NA,4
2,ஓடின,0.53,0.53,NA,4
2,நடந்துவிடுகின்றன,1.275,1.275,NA,16
3,புசிக்க,0.5566666666666666,0.5399999999999999,NA,7
1,ஊழ்',1.2200000000000002,1.2200000000000002,NA,5
3,பண்ணுங்க,1.0966666666666667,1.3599999999999999,NA,8
3,தோற்றிய,1.1633333333333333,0.63,NA,7
3,சொல்க,0.6333333333333335,0.6400000000000001,NA,5
3,நான்ஆள,0.6,0.6199999999999999,NA,6
3,இழந்துவிட்ட,0.8166666666666665,0.8399999999999999,NA,11
2,விசைஒடிந்த,0.95,0.95,NA,10
2,ஒன்ப,0.36999999999999994,0.36999999999999994,NA,4
3,துடைத்திட,0.5533333333333333,0.5100000000000002,NA,9
2,உடைசுமந்த,0.925,0.925,NA,9
3,தோங்குக,0.7799999999999999,0.8400000000000003,NA,7
2,இறுக,0.45999999999999996,0.45999999999999996,NA,4
2,கிளைஞ,0.4900000000000002,0.4900000000000002,NA,5
2,விமான,0.41500000000000004,0.41500000000000004,NA,5
2,அந்தந்த,0.595,0.595,NA,7
2,மொழிதந்த,0.9050000000000001,0.9050000000000001,NA,8
2,அயர்வற்ற,0.7350000000000001,0.7350000000000001,NA,8
2,தோட்கப்படாத,0.9899999999999998,0.9899999999999998,NA,11
2,கதிபெற,0.655,0.655,NA,6
3,இடியென,0.6566666666666667,0.64,NA,6
3,னென,0.4233333333333333,0.42999999999999994,NA,3
5,நகைத்த,0.584,0.5899999999999999,NA,6
2,தமிழ்நாட்டுல,0.6849999999999998,0.6849999999999998,NA,12
2,தாங்க,0.53,0.53,NA,5
3,அலைபட்ட,0.6333333333333333,0.63,NA,7
2,போடுங்க,0.6549999999999997,0.6549999999999997,NA,7
2,திடவந்த,0.625,0.625,NA,7
4,இருக்கின்ற,0.7200000000000002,0.7250000000000001,NA,10
3,தொழும்பர்க,0.6566666666666666,0.69,NA,10
3,ளாக,0.41333333333333333,0.41999999999999993,NA,3
3,மதித்திட,0.57,0.5700000000000003,NA,8
3,பழிப்பன,0.65,0.7000000000000001,NA,7
2,பராக்கிர,0.525,0.525,NA,8
2,அதுகிடக்க,0.7350000000000001,0.7350000000000001,NA,9
2,மிஞ்சுகின்ற,0.8700000000000001,0.8700000000000001,NA,11
2,புருஷர்சக,0.955,0.955,NA,9
2,புதுப்பருவ,0.6449999999999999,0.6449999999999999,NA,10
2,ஏழைமுத,0.6799999999999999,0.6799999999999999,NA,6
2,லாளியென்ப,0.71,0.71,NA,9
3,வாடப்பல,0.8066666666666666,0.8099999999999999,NA,7
2,யாயின்அந்த,1.5499999999999998,1.5499999999999998,NA,10
5,கொரகொர,0.6499999999999999,0.69,NA,6
3,இனமான,0.66,0.6200000000000001,NA,5
3,பழுத்த,0.48666666666666664,0.42999999999999994,NA,6
2,ஆபாச,0.5050000000000001,0.5050000000000001,NA,4
3,மனம்போன,1.0333333333333332,0.6799999999999999,NA,7
4,காண்ப,0.38749999999999996,0.3749999999999999,NA,5
6,மெல்ல,0.6500000000000002,0.42000000000000015,NA,5
2,கிழமைப்பட,0.7950000000000002,0.7950000000000002,NA,9
3,எண்ணுக,0.5266666666666665,0.5099999999999998,NA,6
3,புதுமைசெய,0.6733333333333332,0.6399999999999999,NA,9
3,படமெடுக்க,0.6633333333333334,0.5800000000000001,NA,9
4,இன்னும்என்ன,0.9750000000000001,0.8800000000000001,NA,11
2,மேவிட,0.845,0.845,NA,5
2,நுழைய,0.595,0.595,NA,5
5,துட்ட,0.45599999999999996,0.44,NA,5
3,றென்ன,0.5633333333333331,0.5299999999999998,NA,5
7,குற்ற,0.4157142857142856,0.3999999999999999,NA,5
2,மென்ன,0.5,0.5,NA,5
4,டென்க,0.5524999999999998,0.5849999999999997,NA,5
3,நான்குளிர்ந்த,1.0633333333333332,1.02,NA,13
2,மருந்தென,0.635,0.635,NA,8
2,மித,0.5149999999999999,0.5149999999999999,NA,3
3,லென்ன,0.8933333333333332,0.6699999999999999,NA,5
1,முதிய,0.34,0.34,NA,5
1,முயல்க,0.79,0.79,NA,6
3,இவ்வுலக,0.5433333333333333,0.52,NA,7
2,தண்டனைக்குரிய,0.9450000000000001,0.9450000000000001,NA,13
2,நீஅஞ்ச,0.7350000000000001,0.7350000000000001,NA,6
3,சாதல்வர,0.9366666666666666,0.9199999999999999,NA,7
1,ஒழுங்காக,2.14,2.14,NA,8
2,நுணங்கிய,0.75,0.75,NA,8
3,யருள்க,0.5533333333333331,0.5199999999999998,NA,6
3,சிற்றுண,0.6633333333333332,0.6299999999999999,NA,7
3,மர,0.38999999999999996,0.33000000000000007,NA,2
12,கொடுத்த,0.4950000000000001,0.5000000000000004,NA,7
3,கருத்தென்ன,0.7599999999999998,0.7399999999999998,NA,10
3,சிலம்பு',0.6466666666666666,0.6699999999999999,NA,9
2,கோதற்ற,0.61,0.61,NA,6
1,பேஞ்ச,0.31999999999999984,0.31999999999999984,NA,5
1,மழைல,0.33000000000000007,0.33000000000000007,NA,4
1,அதிகரித்த,2.1799999999999997,2.1799999999999997,NA,9
2,கொன்றன்ன,0.665,0.665,NA,8
2,அவர்செய்த,0.6500000000000001,0.6500000000000001,NA,9
2,நெறிகொண்ட,0.685,0.685,NA,9
2,நிறைகண்ட,0.9750000000000001,0.9750000000000001,NA,8
2,மாற்றுயர்ந்த,1.0150000000000001,1.0150000000000001,NA,12
2,வடிவெடுத்த,0.7200000000000002,0.7200000000000002,NA,10
6,வீழ,0.36833333333333335,0.3500000000000001,NA,3
2,டென்னும்இள,0.7449999999999999,0.7449999999999999,NA,10
3,திருமண,0.68,0.69,NA,6
2,கற்புடைய,0.7250000000000001,0.7250000000000001,NA,8
4,தொழில்புரிந்த,0.875,0.885,NA,13
4,காத்திருந்த,0.795,0.775,NA,11
2,என்றுபல,0.5799999999999998,0.5799999999999998,NA,7
2,புனைந்த,0.46499999999999997,0.46499999999999997,NA,7
2,மானேஈ,0.995,0.995,NA,5
2,ஏகப்பட்ட,1.6099999999999999,1.6099999999999999,NA,8
3,மாய்க,0.45999999999999996,0.45999999999999996,NA,5
3,சுரண்டிய,0.9800000000000001,0.5899999999999999,NA,8
3,இன்னதென,0.8266666666666665,0.7999999999999998,NA,7
3,விளம்பிடுக,0.7999999999999999,0.7999999999999998,NA,10
2,அறம்பிற,2.16,2.16,NA,7
2,பொருந்திய,0.5,0.5,NA,9
2,தான்கற்ற,0.71,0.71,NA,8
4,குனிந்த,0.5974999999999999,0.5999999999999999,NA,7
5,நெருங்க,0.5660000000000001,0.6200000000000001,NA,7
2,சிறியவனாக,0.895,0.895,NA,9
2,குணமேவிய,0.7500000000000001,0.7500000000000001,NA,8
2,உயிர்உள்ள,0.7949999999999999,0.7949999999999999,NA,9
3,நம்புங்க,1.1500000000000001,0.6300000000000001,NA,8
2,நான்கண்ட,0.85,0.85,NA,8
1,பலிபீட,0.59,0.59,NA,6
3,தலைமையாசிரியர்',1.1033333333333333,1.1199999999999999,NA,15
3,னாஎன,0.4266666666666667,0.3800000000000001,NA,4
3,பிழைப்ப,0.4066666666666667,0.3999999999999999,NA,7
2,மாந்துக,1.0,1.0,NA,7
1,முக,0.51,0.51,NA,3
2,தன்வாழ்வென,0.7950000000000002,0.7950000000000002,NA,10
3,மன்னிச்சிடுங்க,0.9933333333333335,1.0,NA,14
2,நித்திய,0.5900000000000001,0.5900000000000001,NA,7
3,அனிச்ச,0.5566666666666665,0.4800000000000002,NA,6
2,ஆக்ஷேப,2.08,2.08,NA,6
2,பொள்ளென,0.6599999999999999,0.6599999999999999,NA,7
2,காலைவந்த,0.75,0.75,NA,8
2,சொரிந்தன,0.6949999999999998,0.6949999999999998,NA,8
2,நலிகுஷ்ட,0.635,0.635,NA,8
2,எச்சரிக்க,0.6800000000000002,0.6800000000000002,NA,9
3,குலுங்க,0.5833333333333334,0.47,NA,7
2,உயிர்த்தப்ப,0.8900000000000001,0.8900000000000001,NA,11
4,தனியாக,0.5925,0.555,NA,6
2,விரும்பாத,0.81,0.81,NA,9
2,மிக்குயர்ந்த,0.8400000000000001,0.8400000000000001,NA,12
3,நிலையானதல்ல,1.0,1.0,NA,11
4,அமர்ந்த,0.5799999999999998,0.6199999999999999,NA,7
3,வழக்கென்ப,0.7466666666666667,0.71,NA,9
3,கோவித்த,0.68,0.6299999999999999,NA,7
3,இப்பெரிய,0.6133333333333334,0.5999999999999999,NA,8
3,வருத்த,0.5333333333333333,0.49999999999999994,NA,6
2,வோம்நல்ல,0.6149999999999999,0.6149999999999999,NA,8
3,தருவித்த,0.6866666666666666,0.6900000000000001,NA,8
3,இதுவல்ல,0.68,0.7400000000000002,NA,7
3,பொய்யற்க,0.83,0.8499999999999996,NA,8
2,சேமமுற,1.0,1.0,NA,6
2,ஆதர,0.445,0.445,NA,3
2,வளிக்க,0.625,0.625,NA,6
2,ஆட்சிசெய,0.79,0.79,NA,8
2,மதிய,0.42,0.42,NA,4
3,மானிட,0.6166666666666666,0.6499999999999999,NA,5
2,உள்ளுவ,0.405,0.405,NA,6
2,போகல,0.5550000000000002,0.5550000000000002,NA,4
2,உதிர்த்த,0.7300000000000001,0.7300000000000001,NA,8
2,வாச,0.33499999999999985,0.33499999999999985,NA,3
2,படுத்துகின்ற,0.835,0.835,NA,12
2,பாச்சிய,0.565,0.565,NA,7
2,சரியென்ப,0.765,0.765,NA,8
2,நயமில,0.71,0.71,NA,5
2,இலைஎன்ன,0.7050000000000001,0.7050000000000001,NA,7
2,கழுகொத்த,0.7799999999999999,0.7799999999999999,NA,8
3,புண்படுத்தகூடிய,1.0700000000000003,1.0700000000000003,NA,15
2,ரத்த,0.6050000000000002,0.6050000000000002,NA,4
2,வீடுவந்த,0.8699999999999999,0.8699999999999999,NA,8
2,நிறைந்திட,0.7900000000000001,0.7900000000000001,NA,9
3,திறமுள்ள,0.6933333333333334,0.6399999999999999,NA,8
2,தோன்றுக,0.9149999999999999,0.9149999999999999,NA,7
3,அரசபிர,0.6833333333333332,0.6299999999999999,NA,6
2,பழக,0.43500000000000005,0.43500000000000005,NA,3
2,நடுங்கின,0.6799999999999998,0.6799999999999998,NA,8
2,பிழிந்திட்ட,0.76,0.76,NA,11
1,தீதென,1.02,1.02,NA,5
7,உண்ண,0.37142857142857144,0.28,NA,4
2,நிறைநீர,0.655,0.655,NA,7
2,பின்னீர,0.5950000000000002,0.5950000000000002,NA,7
3,சமயமத,0.6766666666666666,0.8299999999999998,NA,5
1,இயற்ற,0.6099999999999999,0.6099999999999999,NA,5
3,உண்டாக்க,0.7066666666666667,0.7099999999999997,NA,8
3,ஏற்றிவைத்த,0.7466666666666667,0.76,NA,10
3,விழுந்த,0.4866666666666666,0.42999999999999994,NA,7
4,பயில்வ,0.5350000000000001,0.515,NA,6
2,நான்சொன்ன,0.55,0.55,NA,9
2,வாழ்கின்ற,0.7749999999999999,0.7749999999999999,NA,9
3,ஒருநிமிஷ,0.9066666666666667,0.96,NA,8
3,விலகாத,0.7233333333333333,0.75,NA,6
3,விதியற்ற,0.6766666666666667,0.5900000000000001,NA,8
1,தானென்ன,0.7399999999999998,0.7399999999999998,NA,7
2,உண்ணுகின்ற,0.8049999999999999,0.8049999999999999,NA,10
5,நாடிய,0.57,0.57,NA,5
3,காதென,0.5866666666666668,0.6200000000000001,NA,5
2,கருவுற்ற,0.655,0.655,NA,8
2,அச்சமென்ப,1.57,1.57,NA,9
3,மெதுவான,0.7333333333333334,0.7099999999999999,NA,7
2,மேல்வைத்த,1.055,1.055,NA,9
3,காடுசேர்ந்த,0.9766666666666667,1.0199999999999998,NA,11
3,ஆங்கில,0.5233333333333333,0.5000000000000002,NA,6
3,வார்த்தையென்ன,0.7833333333333332,0.79,NA,13
2,யெடுத்துவர,0.8300000000000001,0.8300000000000001,NA,10
2,சுவையுள்ள,0.85,0.85,NA,9
3,சூழ்கின்ற,0.9366666666666666,0.8999999999999999,NA,9
2,எழில்நீல,0.7949999999999999,0.7949999999999999,NA,8
2,வான்எங்க,0.9150000000000003,0.9150000000000003,NA,8
4,இயைந்த,0.605,0.615,NA,6
4,புரியல,0.6074999999999999,0.6849999999999999,NA,6
3,வெல்லமல்ல,0.8366666666666669,0.8800000000000003,NA,9
2,இன்பமென,0.6550000000000001,0.6550000000000001,NA,7
3,அகப்பட,0.5,0.4999999999999999,NA,6
2,படைத்த,0.59,0.59,NA,6
2,தொட்டிந்த,0.67,0.67,NA,9
2,நலிவுற்ற,0.715,0.715,NA,8
3,நடக்கும்விஷ,0.7833333333333332,0.8400000000000001,NA,11
2,பெரியவங்க,0.8150000000000001,0.8150000000000001,NA,9
2,சொல்லுவாங்க,0.8650000000000002,0.8650000000000002,NA,11
3,தீர்ப்ப,0.4000000000000001,0.3999999999999999,NA,7
4,போகாத,0.61,0.6299999999999999,NA,5
1,ஓட்டிய,0.7599999999999998,0.7599999999999998,NA,6
2,பற்பல,0.56,0.56,NA,5
2,முன்னின்ற,0.6849999999999999,0.6849999999999999,NA,9
2,பஞ்ச,0.51,0.51,NA,4
2,அவனுக்கென்ன,0.865,0.865,NA,11
4,ராஜ,0.36250000000000004,0.34999999999999987,NA,3
2,சலிப்ப,0.44500000000000006,0.44500000000000006,NA,6
3,வசிக்கிறீங்க,0.9633333333333334,0.94,NA,12
3,கூடிய,0.5066666666666665,0.5099999999999999,NA,5
3,அசைத்த,0.5200000000000001,0.5700000000000001,NA,6
2,நாள்எந்த,0.6999999999999998,0.6999999999999998,NA,8
4,எழுதிய,0.43499999999999994,0.51,NA,6
2,பேர்த்துவர,0.7949999999999999,0.7949999999999999,NA,10
3,இனியன,0.5266666666666667,0.49,NA,5
2,இருக்காங்க,0.7749999999999999,0.7749999999999999,NA,10
2,போதுமென,0.5799999999999998,0.5799999999999998,NA,7
2,தெளிவளிக்க,0.8699999999999999,0.8699999999999999,NA,10
2,விளைவன,0.55,0.55,NA,6
3,பத்தல,0.59,0.6099999999999999,NA,5
2,ஈகின்ற,0.78,0.78,NA,6
2,கற்பனையென,0.8999999999999999,0.8999999999999999,NA,9
3,குவிந்திருக்க,0.7833333333333333,0.75,NA,13
3,காக,0.4333333333333333,0.43000000000000016,NA,3
1,அமுதப்ர,0.5899999999999999,0.5899999999999999,NA,7
3,பட்டறிந்த,0.7533333333333334,0.61,NA,9
2,கல்லொத்த,0.69,0.69,NA,8
1,சுமக்க,0.6599999999999997,0.6599999999999997,NA,6
2,ஆரிய,0.6950000000000001,0.6950000000000001,NA,4
2,சிரித்தாக,0.6799999999999999,0.6799999999999999,NA,9
2,வாழ்த்துகின்ற,0.81,0.81,NA,13
2,எனநினைத்த,0.8150000000000002,0.8150000000000002,NA,9
2,லேஇள,0.825,0.825,NA,4
1,யிற்பல,0.94,0.94,NA,6
3,பிழைக்க,0.5133333333333334,0.5100000000000002,NA,7
3,வலிக்கின்றன,0.9899999999999999,0.99,NA,11
2,தேவையற்ற,0.88,0.88,NA,8
2,தெரியல,0.78,0.78,NA,6
2,அழுகிய,0.605,0.605,NA,6
3,ஆரம்பிச்சிட்டாங்க,1.0933333333333333,1.0999999999999999,NA,17
2,இறவாத,0.7799999999999999,0.7799999999999999,NA,5
2,புகழுடைய,0.7800000000000001,0.7800000000000001,NA,8
2,தீயிட்ட,1.27,1.27,NA,7
2,பேச்சுவல்ல,0.7650000000000001,0.7650000000000001,NA,10
5,மிந்த,0.536,0.5499999999999998,NA,5
2,இலையேஉண,0.7249999999999999,0.7249999999999999,NA,7
5,மின்ன,0.4940000000000001,0.5100000000000007,NA,5
3,வீழாத,0.7200000000000001,0.7,NA,5
2,சித்தார்த்த,0.875,0.875,NA,11
2,ஈண்டுள்ள,0.66,0.66,NA,8
2,தீமையிலாத,0.9249999999999998,0.9249999999999998,NA,9
2,சம்பவித்த,0.9850000000000001,0.9850000000000001,NA,9
2,விரைவில்பல,1.06,1.06,NA,10
3,நயந்துநின்ற,0.9766666666666667,0.9000000000000004,NA,11
3,அதற்கான,0.5800000000000001,0.5300000000000001,NA,7
1,இருப்ப,0.22999999999999998,0.22999999999999998,NA,6
2,மிகுத்திருந்த,0.955,0.955,NA,13
2,பெருக்க,0.405,0.405,NA,7
2,எறிஉரைக்க,0.845,0.845,NA,9
2,வருத்திட,0.795,0.795,NA,8
3,கொடுங்க,0.54,0.5100000000000002,NA,7
3,சலியாத,0.7633333333333332,0.5899999999999999,NA,6
2,அஞ்சுகின்ற,0.7850000000000001,0.7850000000000001,NA,10
2,வானிலை',0.6649999999999998,0.6649999999999998,NA,8
2,அணைக்க,0.895,0.895,NA,6
3,கொழகொழ,0.7399999999999999,0.7399999999999998,NA,6
3,கொணகொண,0.7600000000000001,0.8200000000000003,NA,6
5,திருந்த,0.772,0.48,NA,7
2,பென்ன,0.61,0.61,NA,5
6,எனவேமுர,0.765,0.8499999999999999,NA,7
2,உவப்பெடுக்க,1.005,1.005,NA,11
1,இடம்பட,0.5800000000000001,0.5800000000000001,NA,6
2,ஈன,1.0849999999999997,1.0849999999999997,NA,2
3,தூண்டிவிட,0.94,0.8999999999999999,NA,9
3,ஆஆஆ,1.0999999999999999,0.99,NA,3
2,தந்துள்ள,0.71,0.71,NA,8
3,எழுதாத,0.68,0.7,NA,6
2,கவர்ந்திட,0.685,0.685,NA,9
5,படிக்க,0.4720000000000001,0.44000000000000017,NA,6
3,ஆசையாக,0.5399999999999999,0.5800000000000001,NA,6
2,காழ்ப்ப,0.625,0.625,NA,7
2,நவதானிய,0.83,0.83,NA,7
1,பேசுசுய,0.8500000000000001,0.8500000000000001,NA,7
3,கண்ணுண்ண,0.9466666666666667,0.8200000000000001,NA,8
3,செம்மையான,1.1233333333333333,0.8299999999999998,NA,9
5,மாநில,0.512,0.54,NA,5
2,நொய்ய,0.5549999999999999,0.5549999999999999,NA,5
2,முகமல,0.5850000000000001,0.5850000000000001,NA,5
1,புனல்சோர,0.8599999999999999,0.8599999999999999,NA,8
2,கரிசன,0.505,0.505,NA,5
2,துயருற்ற,0.7050000000000001,0.7050000000000001,NA,8
3,உளத்தூன்ற,0.8666666666666666,0.8199999999999998,NA,9
2,அமைவுற,0.6499999999999999,0.6499999999999999,NA,6
1,பெறச்செய்த,0.7199999999999998,0.7199999999999998,NA,10
5,இந்நில,0.7699999999999999,0.6099999999999999,NA,6
2,நடந்திட்ட,0.7849999999999999,0.7849999999999999,NA,9
4,ஆற்ற,0.4450000000000002,0.42999999999999994,NA,4
2,நிலம்',0.7749999999999999,0.7749999999999999,NA,6
2,வார்கள்சில,1.6150000000000002,1.6150000000000002,NA,10
2,நல்லொழுக்க,0.765,0.765,NA,10
3,அரசென,0.65,0.67,NA,5
2,அணிஅல்ல,0.8800000000000001,0.8800000000000001,NA,7
4,வீழ்ந்த,0.5750000000000002,0.5950000000000001,NA,7
3,ராஜராஜ,0.5933333333333332,0.5699999999999998,NA,6
2,அஞ்சுவ,0.5850000000000001,0.5850000000000001,NA,6
3,போய்எடுக்க,0.8466666666666667,0.9000000000000001,NA,10
2,நீள,0.405,0.405,NA,3
3,வாழ்வடைக,0.7533333333333334,0.79,NA,8
1,உடைய,0.69,0.69,NA,4
2,பத்தடுத்த,0.7849999999999999,0.7849999999999999,NA,9
3,கொக்க,0.3533333333333333,0.3599999999999999,NA,5
3,பேசவந்த,0.8233333333333334,0.79,NA,7
3,மணந்திட,0.6966666666666667,0.66,NA,7
3,நாம்கண்ட,0.8000000000000002,0.69,NA,8
2,பெருக்கெடுக்க,1.0799999999999998,1.0799999999999998,NA,13
2,தாக,0.36,0.36,NA,3
3,சகிப்ப,0.5633333333333334,0.5499999999999998,NA,6
2,புண்படைத்த,0.815,0.815,NA,10
2,போதித்த,0.6299999999999999,0.6299999999999999,NA,7
2,வெப்பச்சலன,0.84,0.84,NA,10
1,நான்மணக்க,0.8299999999999998,0.8299999999999998,NA,9
3,றெழுந்த,0.6133333333333333,0.5599999999999998,NA,7
3,பால்நில,0.8333333333333331,0.9199999999999999,NA,7
2,தங்கிட,0.5899999999999999,0.5899999999999999,NA,6
1,பேர்க்கவந்த,1.2999999999999998,1.2999999999999998,NA,11
2,நானிருக்க,0.5950000000000001,0.5950000000000001,NA,9
2,தேவர்க,0.7649999999999999,0.7649999999999999,NA,6
2,ளொப்ப,0.31499999999999995,0.31499999999999995,NA,5
2,உள்ளன,0.4750000000000001,0.4750000000000001,NA,5
2,தாலியற்ற,0.77,0.77,NA,8
2,ஒடுங்கிட,0.5249999999999999,0.5249999999999999,NA,8
1,செம,0.30999999999999994,0.30999999999999994,NA,3
3,எண்பிக்க,0.67,0.7700000000000002,NA,8
2,உயிர்என்ப,0.5900000000000001,0.5900000000000001,NA,9
3,ஏறிவந்த,0.7166666666666667,0.7,NA,7
3,பட்டாம்பூச்சி',0.8666666666666668,0.8600000000000001,NA,14
3,தமிழக,0.5966666666666666,0.6299999999999999,NA,5
3,சின்னமாக,0.8166666666666665,0.7600000000000002,NA,8
2,நற்போத,0.825,0.825,NA,6
3,சந்தான,0.6633333333333334,0.6400000000000001,NA,6
2,கிட்ட,0.5050000000000001,0.5050000000000001,NA,5
2,அங்குள,0.6050000000000001,0.6050000000000001,NA,6
4,என்க,0.4975,0.545,NA,4
2,இரண்டொழிய,0.9,0.9,NA,9
2,தேய்ந்த,2.0,2.0,NA,7
3,பாதித்த,0.6699999999999999,0.6599999999999999,NA,7
2,கங்குள்ள,0.7350000000000001,0.7350000000000001,NA,8
3,செய்தன,0.6566666666666667,0.6300000000000001,NA,6
2,தெருள்கொள்ள,0.895,0.895,NA,11
2,அழியாத,0.6000000000000001,0.6000000000000001,NA,6
2,இழிந்த,0.4500000000000002,0.4500000000000002,NA,6
3,ஆட்ட,0.44333333333333336,0.42999999999999994,NA,4
3,கனலேற்ற,0.71,0.7599999999999999,NA,7
2,செயும்நீர,0.9799999999999998,0.9799999999999998,NA,9
5,தக,0.5980000000000001,0.46000000000000085,NA,2
4,காட்டிய,0.575,0.5599999999999999,NA,7
3,வானடர்ந்த,0.8266666666666665,0.8299999999999998,NA,9
2,மாரத,0.45000000000000007,0.45000000000000007,NA,4
2,அன்றந்த,0.655,0.655,NA,7
1,கைத்தாள,0.6000000000000001,0.6000000000000001,NA,7
2,நானுண்ண,0.6699999999999998,0.6699999999999998,NA,7
2,மனம்வருவ,0.7299999999999999,0.7299999999999999,NA,8
2,வடித்த,0.5900000000000001,0.5900000000000001,NA,6
3,பத்தொன்ப,0.6133333333333334,0.6,NA,8
3,வரைந்திட,0.43666666666666704,0.44000000000000017,NA,8
2,திருத்திய,0.865,0.865,NA,9
2,மாயை',0.7849999999999999,0.7849999999999999,NA,6
2,அகன்றிட,0.565,0.565,NA,7
2,கருப்பமுற,0.675,0.675,NA,9
2,பிணிபோல,0.8200000000000001,0.8200000000000001,NA,7
2,இருள்கொண்ட,0.8900000000000001,0.8900000000000001,NA,10
2,இயல்பான,0.7049999999999998,0.7049999999999998,NA,7
3,குட்படுத்த,0.6933333333333334,0.74,NA,10
2,திருக்க,0.44999999999999996,0.44999999999999996,NA,7
2,மறவற்க,0.615,0.615,NA,6
2,துறவற்க,0.6950000000000001,0.6950000000000001,NA,7
1,மாண்ட,0.43999999999999995,0.43999999999999995,NA,5
2,சாத்த,0.6199999999999999,0.6199999999999999,NA,5
2,உதையயப்ப,0.66,0.66,NA,8
2,உளபோல,0.79,0.79,NA,5
1,யான்பார்த்த,0.69,0.69,NA,11
2,வகுத்திட்ட,0.705,0.705,NA,10
2,யுள்ள,0.5449999999999999,0.5449999999999999,NA,5
4,சங்கீத,0.8150000000000001,0.79,NA,6
2,துடித்த,0.5650000000000001,0.5650000000000001,NA,7
3,இரைச்ச,0.45999999999999996,0.43999999999999995,NA,6
3,துடிக்கின்ற,0.7799999999999999,0.7599999999999999,NA,11
3,குணமென்ற,0.8433333333333334,0.98,NA,8
2,மான,0.4000000000000001,0.4000000000000001,NA,3
2,எழிலான,0.47,0.47,NA,6
2,காதலியே',0.45999999999999996,0.45999999999999996,NA,8
2,பிழையென,0.5499999999999999,0.5499999999999999,NA,7
2,உரைப்ப,0.4099999999999999,0.4099999999999999,NA,6
3,மங்காத,0.8633333333333333,0.7500000000000001,NA,6
2,மொய்த்திருப்ப,0.6299999999999998,0.6299999999999998,NA,13
2,முழுநேர,0.5799999999999998,0.5799999999999998,NA,7
3,நானில,0.6266666666666668,0.6200000000000001,NA,5
3,தாழ்திறந்த,0.9633333333333333,0.91,NA,10
4,ராச,0.375,0.4049999999999999,NA,3
1,சர்வ,0.5500000000000003,0.5500000000000003,NA,4
3,ஞயம்பட,0.9666666666666667,0.95,NA,6
2,நீட்சிசெய,0.72,0.72,NA,9
2,கசடற,1.005,1.005,NA,4
3,கிடத்திய,0.6033333333333332,0.5799999999999996,NA,8
3,காட்சிபோல,0.7800000000000001,0.75,NA,9
3,உடைந்த,0.49666666666666665,0.5099999999999999,NA,6
2,சங்கத்தமிழ்ச்',1.065,1.065,NA,15
3,பெற்றிருந்த,0.6666666666666666,0.6800000000000002,NA,11
3,தலைவராக,0.6799999999999997,0.6600000000000001,NA,7
2,இருண்டன,1.605,1.605,NA,7
2,தனிப்பட,0.8799999999999998,0.8799999999999998,NA,7
2,ஏந்திய,0.6699999999999999,0.6699999999999999,NA,6
3,அதிகமாக,0.68,0.6799999999999999,NA,7
2,உலகத்தோடொட்ட,1.055,1.055,NA,12
2,திரிகின்ற,0.77,0.77,NA,9
2,தெரிகின்ற,0.7500000000000001,0.7500000000000001,NA,9
2,இருண்ட,0.65,0.65,NA,6
2,அவம,0.3850000000000001,0.3850000000000001,NA,3
2,முறையாக,0.8550000000000001,0.8550000000000001,NA,7
3,என்பெருமைக்குற்ற,1.13,1.08,NA,16
2,குளிப்ப,0.44999999999999996,0.44999999999999996,NA,7
3,கழறிடாத,0.8433333333333334,0.8700000000000001,NA,7
2,கம்பெனில,0.755,0.755,NA,8
2,செய்யுற,0.665,0.665,NA,7
2,பாக்கியிந்த,0.9250000000000003,0.9250000000000003,NA,11
2,டெறிந்த,0.7950000000000002,0.7950000000000002,NA,7
2,காட்சி',0.655,0.655,NA,8
2,பண்டொழிந்த,0.905,0.905,NA,10
3,நன்றென,0.6133333333333334,0.64,NA,6
2,அங்கந்த,0.64,0.64,NA,7
2,தள்ளாத,0.6399999999999999,0.6399999999999999,NA,6
1,விழைகுவ,0.46999999999999986,0.46999999999999986,NA,7
2,மீண்ட,0.49,0.49,NA,5
2,சிதறுகின்ற,1.175,1.175,NA,10
2,நிலையறிய,0.81,0.81,NA,8
2,நன்றிபுரிந்த,1.08,1.08,NA,12
2,சரச,0.6,0.6,NA,3
2,பாண்டிய,0.42000000000000015,0.42000000000000015,NA,7
2,கோமள,0.5499999999999999,0.5499999999999999,NA,4
1,விழியுடைய,1.0300000000000002,1.0300000000000002,NA,9
1,தொழல்',1.0099999999999998,1.0099999999999998,NA,7
3,இமைதிற,0.7633333333333333,0.64,NA,6
2,நேர்மூத்த,1.735,1.735,NA,9
2,கிட்டிமர,0.855,0.855,NA,8
2,வேர்கள்பல,0.8200000000000001,0.8200000000000001,NA,9
1,சத்தமிட்ட,0.81,0.81,NA,9
2,ஓர்மார்க்கம்',0.8150000000000001,0.8150000000000001,NA,13
2,பிழையில,0.6749999999999999,0.6749999999999999,NA,7
2,வாங்கல,1.6900000000000002,1.6900000000000002,NA,6
3,இக்கால,0.6966666666666667,0.76,NA,6
3,கெஞ்ச,0.38000000000000006,0.3700000000000001,NA,5
1,பதிந்த,0.41999999999999993,0.41999999999999993,NA,6
1,தொலைப்பதென,0.9500000000000002,0.9500000000000002,NA,10
2,பெண்ணான,0.77,0.77,NA,7
1,குலாவிட,0.5999999999999999,0.5999999999999999,NA,7
2,நீஆள,0.7699999999999999,0.7699999999999999,NA,4
2,எளிதுணர,0.8,0.8,NA,7
3,மன்னன்மக,0.8799999999999999,0.9199999999999999,NA,8
4,காவல,0.56,0.535,NA,4
1,உளவாக,0.73,0.73,NA,5
1,ராமலிங்க,0.73,0.73,NA,8
1,தணிவ,0.31999999999999984,0.31999999999999984,NA,4
2,ஒன்றுபட்ட,0.815,0.815,NA,9
2,உயர்வென்ன,0.7600000000000001,0.7600000000000001,NA,9
2,தாழ்வென்ன,0.865,0.865,NA,9
2,அண்டாத,1.19,1.19,NA,6
2,செய்கின்ற,0.7949999999999999,0.7949999999999999,NA,9
2,மனம்போல,0.94,0.94,NA,7
2,முழுதாய்ந்த,0.85,0.85,NA,11
2,விளைத்தன,0.5450000000000002,0.5450000000000002,NA,8
2,குறளோவியம்',0.79,0.79,NA,12
2,தொழிலறிந்த,0.8200000000000002,0.8200000000000002,NA,10
2,துச்சமாக,0.73,0.73,NA,8
2,தூறுசெய்த,0.8699999999999999,0.8699999999999999,NA,9
3,நண்ணிய,0.6966666666666667,0.64,NA,6
1,பழிமிகுந்த,0.98,0.98,NA,10
3,என்றுமுள,0.7200000000000001,0.67,NA,8
3,கொள்ளாத,1.5166666666666668,0.94,NA,7
2,தொட்டறிந்த,0.64,0.64,NA,10
2,யாம்சொன்ன,0.5850000000000002,0.5850000000000002,NA,9
3,பசியாத,0.8533333333333334,0.8,NA,6
2,சாவதென்ற,1.0150000000000001,1.0150000000000001,NA,8
2,தலைவரான,0.7000000000000002,0.7000000000000002,NA,7
2,நீட்டிய,0.5650000000000001,0.5650000000000001,NA,7
2,ஞய்ஞய்',1.065,1.065,NA,8
1,மரங்கள்என்ன,1.1500000000000001,1.1500000000000001,NA,11
2,இதய,0.6350000000000002,0.6350000000000002,NA,3
2,பதிப்புரிமையற்ற,1.09,1.09,NA,15
2,னல்லபிற,0.6999999999999997,0.6999999999999997,NA,7
1,களைத்த,0.5400000000000001,0.5400000000000001,NA,6
2,பயனற்ற,0.5850000000000001,0.5850000000000001,NA,6
2,வெறுத்தக்க,0.8999999999999999,0.8999999999999999,NA,10
2,சக்கர,0.6400000000000001,0.6400000000000001,NA,5
1,தாங்குவ,0.32,0.32,NA,7
2,துடிக்க,0.45500000000000007,0.45500000000000007,NA,7
2,பொங்கிய,0.5599999999999999,0.5599999999999999,NA,7
1,ஒப்பன,0.47,0.47,NA,5
1,கண்டதென,0.56,0.56,NA,7
1,பிரகாசமான,0.7999999999999998,0.7999999999999998,NA,9
1,வெப்பமான,0.7400000000000002,0.7400000000000002,NA,8
2,கிட்டரிய,0.695,0.695,NA,8
2,கடனென்ப,0.7000000000000001,0.7000000000000001,NA,7
1,தான்என்ற,1.06,1.06,NA,8
1,நீக்கிட,0.6400000000000001,0.6400000000000001,NA,7
2,நன்முர,0.535,0.535,NA,6
1,யிற்கலந்த,0.8900000000000001,0.8900000000000001,NA,9
2,மீள,0.395,0.395,NA,3
2,அன்புக்குரிய,0.7749999999999999,0.7749999999999999,NA,12
1,என்றனமூட,0.76,0.76,NA,8
1,தொல்லுலக,1.0099999999999998,1.0099999999999998,NA,8
2,வீசாத,0.72,0.72,NA,5
1,வழக்கென்ன,0.8000000000000003,0.8000000000000003,NA,9
1,உன்னைஎன,0.72,0.72,NA,7
1,இவனிட்ட,0.6799999999999999,0.6799999999999999,NA,7
2,வளர்க்கின்ற,0.87,0.87,NA,11
1,வெட்க,0.3899999999999999,0.3899999999999999,NA,5
2,சலசலென,1.07,1.07,NA,6
2,பாய்ச்சிவிட,0.6649999999999999,0.6649999999999999,NA,11
2,போந்த,0.5549999999999998,0.5549999999999998,NA,5
